_id,review_id,customer_id,product,rating,review_text,review_date
0,2506,345,576,4,1805,122
1,2220,669,109,5,1726,279
2,392,805,232,2,412,27
3,2285,58,839,4,2432,185
4,180,701,695,1,164,303
5,2143,253,388,3,1831,180
6,1160,15,63,2,861,180
7,2654,615,527,2,2796,59
8,2421,829,757,2,2849,10
9,473,109,469,4,1876,328
10,718,830,495,1,2774,344
11,2353,901,848,5,998,109
12,2845,806,491,1,976,116
13,2982,211,665,4,2978,238
14,2502,455,447,2,1919,133
15,69,518,618,3,1011,152
16,313,76,156,2,1775,4
17,2746,740,379,5,1285,5
18,2929,1,138,3,1520,326
19,1575,885,615,2,1266,225
20,1321,682,516,3,985,236
21,785,106,832,1,2301,359
22,89,647,1,4,187,335
23,2854,97,757,2,1351,306
24,2965,584,716,5,2108,255
25,1876,295,255,1,2666,282
26,2274,288,574,2,1593,46
27,575,472,337,1,2954,233
28,169,462,751,5,2335,315
29,45,896,351,2,2207,327
30,1775,444,117,5,1896,359
31,1658,746,372,3,940,312
32,895,123,361,5,698,45
33,347,199,290,3,326,65
34,1739,829,704,2,2822,146
35,1941,652,710,3,2242,19
36,1204,28,798,2,31,354
37,1942,918,803,2,1721,208
38,2555,571,188,4,2382,345
39,1197,288,456,2,1733,169
40,2446,891,712,3,356,310
41,1659,776,633,4,502,141
42,79,355,327,4,2147,69
43,646,450,625,2,1208,282
44,1001,518,522,5,1640,310
45,640,726,393,5,511,73
46,1130,487,621,4,2555,178
47,2295,762,680,2,1628,316
48,377,661,472,5,743,301
49,1468,744,48,2,2395,298
50,1746,37,164,2,792,290
51,2507,349,159,4,1738,252
52,580,938,191,4,1519,35
53,1813,677,798,1,245,129
54,1169,628,654,5,1836,120
55,341,494,120,5,1853,141
56,439,117,462,5,1630,0
57,1386,544,7,3,2401,318
58,2025,739,734,2,1358,23
59,1640,631,543,4,2499,282
60,265,327,495,5,1772,244
61,518,905,244,1,2708,71
62,59,199,71,5,2910,218
63,16,402,21,2,2048,304
64,540,395,108,2,1368,167
65,686,189,330,4,408,131
66,828,281,79,3,1220,295
67,1086,553,447,4,2288,176
68,2669,407,642,5,1299,43
69,1806,766,211,1,2114,218
70,2054,469,108,4,1850,301
71,2217,175,668,3,558,142
72,92,910,692,4,1983,126
73,1987,179,864,2,2071,71
74,673,554,438,5,264,240
75,2363,814,683,5,411,126
76,2440,192,760,5,1270,89
77,1393,516,563,5,1365,269
78,2150,288,451,5,835,124
79,2275,36,556,5,243,18
80,2649,225,357,1,2725,218
81,1484,636,79,3,1143,84
82,759,362,617,5,2658,204
83,1424,403,804,3,2206,313
84,2319,802,665,5,2912,311
85,2254,940,310,4,926,141
86,1865,860,251,5,2485,251
87,266,904,812,2,2575,183
88,2401,98,673,1,71,8
89,2219,767,23,4,1937,311
90,2643,196,354,4,2244,130
91,888,235,474,2,1927,229
92,914,841,760,5,2044,256
93,2925,295,533,1,2552,217
94,1142,58,642,4,1989,101
95,633,34,217,1,2739,327
96,2072,808,830,4,2305,27
97,1457,688,608,5,91,220
98,35,237,538,4,270,167
99,986,437,548,4,1614,294
100,490,107,238,3,662,34
101,2505,536,768,5,523,252
102,1150,355,697,2,658,11
103,413,8,90,2,1403,135
104,1280,37,96,5,1384,365
105,2169,231,850,2,617,312
106,1552,373,645,5,234,120
107,400,348,808,2,735,287
108,1666,397,707,3,816,15
109,55,88,705,2,1846,219
110,779,831,491,4,1354,363
111,2189,147,31,5,1346,270
112,1779,853,645,1,2021,4
113,2565,716,58,1,2333,106
114,1755,737,803,5,2806,1
115,2858,586,70,3,1040,161
116,1501,759,349,2,1653,299
117,2124,492,736,3,2980,118
118,2382,887,360,1,1865,278
119,478,9,188,5,676,109
120,370,5,457,5,1500,331
121,1346,596,830,3,1991,270
122,595,344,95,3,2632,239
123,2491,220,799,2,1900,291
124,949,63,323,4,130,265
125,2892,264,752,4,693,197
126,1048,482,662,2,1488,345
127,479,672,174,4,1600,290
128,1731,792,642,1,357,110
129,1665,505,38,4,2727,218
130,1532,691,598,2,1412,145
131,1011,466,874,4,2453,192
132,645,326,608,5,688,64
133,752,798,730,3,1716,211
134,1233,654,234,1,267,20
135,1986,263,861,5,314,326
136,2449,477,599,5,2787,182
137,1029,879,795,2,266,98
138,2907,289,641,3,2330,146
139,2154,403,202,3,2915,126
140,2358,101,676,1,477,133
141,262,399,227,2,2094,279
142,1206,798,237,1,2362,106
143,318,116,338,4,2634,63
144,2617,216,406,5,1280,183
145,1831,716,568,1,2324,233
146,1310,228,633,5,2,216
147,1489,773,463,2,278,342
148,1110,372,384,4,2358,167
149,692,765,41,2,1737,106
150,1976,91,460,4,750,120
151,464,120,583,4,2936,301
152,1397,774,620,5,1226,149
153,2132,306,359,2,888,306
154,2686,267,677,2,456,66
155,722,455,525,1,2651,78
156,142,62,77,2,2282,197
157,1370,472,678,1,1743,237
158,1681,527,176,3,2821,258
159,1286,63,872,3,2165,195
160,1738,739,490,3,796,358
161,1413,335,533,2,798,152
162,1705,949,156,2,1539,263
163,2606,372,404,1,2840,270
164,2458,945,236,4,2291,182
165,609,424,164,1,1905,349
166,2885,222,774,3,2712,65
167,332,19,271,1,1360,72
168,1101,674,373,4,2327,83
169,1070,905,719,2,2371,155
170,1644,700,8,1,1577,60
171,1716,304,308,3,2107,105
172,2537,887,432,3,1649,44
173,889,551,499,2,850,287
174,1442,844,817,1,2587,184
175,1786,863,694,4,2721,54
176,2509,223,395,2,1627,261
177,1024,939,420,1,1110,216
178,1741,181,436,5,2085,54
179,1867,476,704,3,154,42
180,2064,535,402,4,1482,200
181,438,865,157,4,634,58
182,269,602,129,4,2146,7
183,2675,375,416,3,1586,39
184,2176,355,810,1,230,211
185,2941,607,783,2,2476,2
186,1479,753,403,1,488,213
187,2431,579,585,2,2700,176
188,958,808,610,4,1075,335
189,1611,914,560,1,252,233
190,260,754,503,4,2189,332
191,1819,526,459,5,1485,360
192,1339,71,589,4,2337,244
193,411,537,741,4,1378,181
194,2576,576,801,2,38,109
195,2851,335,354,5,2955,131
196,516,71,197,4,2338,25
197,41,111,756,4,603,186
198,1691,716,41,5,1399,253
199,2193,65,30,5,2988,249
200,2806,379,140,1,1212,142
201,928,158,214,2,2724,192
202,2321,7,539,5,515,115
203,1657,154,479,5,2124,112
204,1062,158,42,3,2466,338
205,1287,498,530,5,933,295
206,1028,528,354,2,1231,347
207,1765,385,263,4,2133,102
208,389,501,468,4,489,341
209,1590,275,187,4,2163,152
210,1836,885,301,4,2166,264
211,1719,932,450,3,1185,288
212,80,493,57,5,1552,348
213,2486,367,312,4,1620,122
214,1762,428,175,1,2558,300
215,316,368,482,4,1767,277
216,351,205,754,5,1373,7
217,1270,496,118,4,1013,317
218,1862,784,147,3,821,333
219,2632,745,587,2,1009,124
220,1788,359,27,2,1823,85
221,2426,603,251,5,1921,302
222,1251,138,405,2,1958,229
223,822,542,663,2,1851,282
224,2244,768,282,1,2168,280
225,946,216,799,5,883,34
226,2152,5,211,5,1607,355
227,2428,444,28,2,275,84
228,2948,755,189,2,734,357
229,706,286,110,2,333,121
230,2074,34,633,3,41,319
231,1520,248,14,4,1899,199
232,2656,151,9,3,2951,15
233,2117,124,848,5,1161,53
234,1807,228,0,1,551,236
235,2560,493,100,4,259,147
236,2272,38,653,1,1579,184
237,985,249,589,5,830,10
238,2600,131,821,5,1461,86
239,1237,853,617,1,1686,63
240,443,296,279,1,1415,207
241,2304,593,798,1,663,77
242,239,550,320,5,1998,279
243,1852,894,787,2,2369,234
244,2661,794,87,1,1068,27
245,1418,168,345,4,2467,41
246,217,202,481,5,46,191
247,622,697,701,3,469,151
248,2543,160,385,3,2507,275
249,2342,560,287,4,1425,47
250,1015,433,806,2,407,310
251,2756,306,473,1,2079,285
252,2494,97,263,5,1427,84
253,610,770,734,1,1126,349
254,2090,523,421,5,886,15
255,1096,552,475,3,45,251
256,604,188,353,1,2655,187
257,2173,269,169,4,1590,91
258,2001,949,869,2,2580,300
259,1958,437,78,4,1551,253
260,643,835,689,2,1885,146
261,1093,425,237,1,2882,77
262,368,789,318,1,2624,18
263,1604,846,650,2,1837,223
264,2967,198,754,3,705,148
265,1055,5,599,5,1992,196
266,2964,392,866,4,50,106
267,945,623,192,4,677,131
268,1548,887,104,4,2763,301
269,1834,359,497,1,1107,246
270,1994,4,694,4,538,146
271,2356,277,843,5,1191,25
272,2546,926,392,5,360,265
273,2155,649,781,2,2964,231
274,1260,866,86,1,584,108
275,2320,57,196,5,2229,275
276,115,941,117,3,2788,362
277,2793,295,806,1,1428,361
278,748,46,601,1,2402,268
279,2679,833,226,5,2364,36
280,766,333,232,3,112,317
281,458,300,583,2,56,223
282,280,51,265,5,1712,128
283,1701,575,330,3,1822,251
284,304,593,753,1,1875,307
285,2633,64,198,3,2316,355
286,2736,824,120,1,2481,301
287,2003,828,712,5,2092,360
288,1083,46,670,5,393,25
289,1351,566,390,4,2615,55
290,561,544,52,4,1424,229
291,1734,745,568,4,2038,12
292,2829,496,560,5,0,162
293,1551,87,548,2,1434,66
294,1463,58,453,5,1832,187
295,2701,506,215,3,1856,130
296,2172,491,180,5,1051,66
297,1125,559,572,5,1841,22
298,489,944,532,1,720,306
299,1342,931,825,1,1891,293
300,538,279,60,1,1114,283
301,787,843,748,5,1393,269
302,2931,328,464,2,2625,270
303,2771,318,437,3,546,276
304,823,248,791,3,920,283
305,354,920,408,2,299,356
306,1917,368,469,2,2089,191
307,739,132,840,3,2567,225
308,292,879,175,4,2694,30
309,1875,733,641,1,2674,195
310,2160,388,877,1,971,41
311,1928,582,264,3,2312,14
312,2339,125,320,2,2563,365
313,887,954,341,4,2828,215
314,932,781,447,3,2975,230
315,974,512,609,1,1072,158
316,503,205,648,5,229,41
317,2081,784,513,2,286,331
318,2614,639,745,5,30,22
319,1317,290,429,3,2533,169
320,1113,889,391,1,1592,360
321,2753,342,162,4,58,255
322,1753,436,333,5,1296,270
323,1051,361,383,4,2386,18
324,2112,378,396,1,544,117
325,1541,298,234,5,2141,176
326,915,796,161,4,2604,51
327,913,617,308,4,1731,297
328,382,894,155,5,1207,163
329,2453,653,481,1,1477,105
330,1877,587,819,4,2835,84
331,2975,742,730,3,2354,115
332,1077,553,719,5,398,186
333,750,138,863,2,153,350
334,830,672,879,2,518,316
335,2575,95,80,1,486,59
336,649,194,814,3,748,179
337,2047,746,874,4,2228,30
338,1307,157,739,2,2372,30
339,2765,256,532,1,853,52
340,2300,396,614,3,2848,143
341,1415,241,597,3,2454,332
342,2983,351,833,1,1419,36
343,891,813,414,1,1153,53
344,776,936,160,4,1754,29
345,85,254,472,1,2996,25
346,568,216,42,4,805,360
347,842,472,389,4,758,100
348,2918,75,378,5,1054,59
349,2329,755,536,3,2388,119
350,1586,609,752,3,2030,136
351,1530,263,743,3,2431,273
352,2777,920,376,5,1106,97
353,2693,133,640,4,767,319
354,782,436,202,4,1295,34
355,1857,333,109,1,352,69
356,2635,810,12,5,1493,60
357,436,487,302,1,1565,117
358,1962,689,846,5,1909,73
359,1981,255,752,1,561,231
360,2377,626,156,2,991,93
361,2245,761,312,3,1956,148
362,1040,824,159,3,2019,309
363,1422,225,383,4,2091,291
364,1888,417,83,2,2006,97
365,1005,422,507,3,1324,192
366,419,430,344,4,1573,94
367,2402,203,342,2,901,123
368,2224,871,597,3,513,204
369,2115,19,258,1,2480,340
370,602,829,125,5,1339,271
371,137,138,540,2,1757,239
372,2468,228,417,4,1281,345
373,757,736,586,2,653,42
374,1646,380,516,4,751,116
375,1167,69,209,2,2943,361
376,1189,168,12,4,1402,186
377,2954,809,161,3,2001,348
378,1637,809,878,1,687,275
379,2876,580,312,3,1791,165
380,324,869,230,1,94,112
381,811,86,123,3,346,23
382,1830,181,516,3,2976,173
383,1338,571,366,2,1907,347
384,1214,24,196,5,1478,196
385,301,899,787,4,949,240
386,2995,134,704,4,1344,304
387,1213,844,640,4,891,26
388,539,179,400,1,2059,49
389,1272,584,291,4,1514,115
390,467,540,334,4,1531,133
391,213,932,457,2,867,139
392,2403,609,833,3,1265,61
393,1623,530,683,4,429,68
394,1112,76,803,5,359,319
395,241,185,493,4,1405,21
396,827,493,475,1,808,319
397,2558,526,583,1,172,164
398,1627,40,822,1,25,327
399,1221,653,830,4,570,168
400,320,504,295,2,2081,94
401,1329,315,635,5,1765,121
402,2317,635,383,4,2924,153
403,2498,438,412,2,1102,73
404,2258,63,21,2,2145,275
405,1326,116,43,4,2102,192
406,720,707,439,4,941,8
407,1187,404,249,2,1429,23
408,647,635,815,2,2087,116
409,508,661,622,2,1100,232
410,1598,889,274,4,1984,310
411,781,245,640,2,2014,259
412,2924,376,239,1,285,15
413,491,391,491,4,1908,221
414,833,905,67,1,992,50
415,1300,875,116,3,1954,266
416,1417,636,748,4,2577,205
417,907,454,369,3,47,255
418,1218,243,457,2,1814,271
419,2674,33,814,2,189,197
420,427,547,260,5,2930,228
421,2593,838,498,2,1349,311
422,1533,685,250,3,1796,15
423,1752,611,645,2,2179,112
424,2781,496,422,4,2198,133
425,446,643,779,2,428,229
426,287,282,224,5,106,224
427,2717,129,70,2,2960,131
428,2612,370,15,3,1421,108
429,2581,593,455,3,2347,188
430,1477,101,690,2,504,255
431,1825,708,854,3,80,75
432,1946,213,663,3,2749,178
433,1797,67,203,5,218,122
434,2050,358,558,4,1948,244
435,937,789,621,5,96,307
436,1157,113,388,1,2738,156
437,494,781,868,5,2459,4
438,1498,230,28,2,2502,268
439,2559,903,649,4,697,166
440,107,93,407,2,1055,327
441,136,810,686,1,1825,253
442,624,632,142,4,2730,66
443,73,266,202,3,1576,37
444,2053,520,89,5,1112,339
445,994,771,868,2,313,147
446,1703,230,726,1,54,327
447,355,916,391,3,1464,23
448,2591,199,231,5,1168,11
449,1870,815,228,3,1636,94
450,2706,375,837,5,1337,76
451,1544,500,242,4,2744,299
452,2989,691,145,3,2056,285
453,1903,473,63,3,1020,203
454,2027,372,741,3,263,324
455,1913,359,650,4,2986,293
456,2508,633,871,1,2220,120
457,804,904,640,5,1448,301
458,1362,736,157,3,2194,173
459,151,946,425,4,2122,16
460,2316,211,579,1,484,208
461,533,673,790,5,1902,327
462,2107,910,493,4,2947,120
463,1282,77,44,5,1338,291
464,251,897,590,3,1449,333
465,457,812,426,1,2521,302
466,2523,651,582,4,295,156
467,2805,659,177,1,1318,122
468,668,218,183,3,1142,337
469,1152,917,163,1,2215,363
470,2556,374,245,1,2707,56
471,2952,699,876,2,2883,75
472,2109,25,774,1,793,113
473,1668,277,351,5,1172,200
474,2136,792,489,4,166,198
475,807,943,549,2,832,107
476,2076,51,725,4,2643,258
477,2594,666,187,4,1050,222
478,276,13,835,3,332,335
479,605,160,181,3,2660,29
480,2766,215,234,2,1245,199
481,2209,800,473,3,2177,96
482,1878,121,67,3,358,349
483,903,458,381,3,1029,114
484,477,428,117,4,364,96
485,959,374,71,2,589,344
486,2315,540,347,4,2253,198
487,485,819,65,5,1215,321
488,2213,524,737,4,2380,99
489,2719,361,751,5,2065,147
490,1908,252,805,1,453,159
491,507,176,807,1,1817,359
492,1135,116,871,5,2570,52
493,2681,509,60,5,2421,190
494,1767,41,661,4,2862,288
495,121,178,63,5,788,106
496,625,284,39,2,1722,118
497,2291,533,433,1,1341,22
498,628,952,55,1,944,157
499,570,526,447,5,2273,126
500,2763,487,570,3,2854,63
501,2195,439,272,3,2376,261
502,326,341,433,5,288,25
503,601,286,54,2,1807,282
504,1882,402,394,3,2026,8
505,2200,279,412,5,857,320
506,1854,156,665,2,1809,263
507,616,97,825,2,1082,170
508,1014,760,228,4,281,133
509,1318,712,120,2,874,287
510,2204,814,510,3,1879,318
511,2577,757,362,3,954,284
512,1926,787,123,5,2302,305
513,1094,243,349,5,2702,69
514,2057,478,6,2,2994,79
515,2182,642,448,1,2143,252
516,523,211,356,4,1679,317
517,1106,299,33,1,1304,112
518,2393,185,388,2,178,147
519,1660,658,633,2,93,138
520,1372,567,511,1,1073,244
521,268,376,519,4,385,166
522,1676,311,479,1,871,47
523,1582,245,336,5,214,301
524,2521,453,827,3,740,160
525,1855,889,130,5,1379,40
526,1662,265,62,3,736,96
527,2340,109,606,2,8,139
528,1864,561,806,4,1760,347
529,1355,926,834,1,961,92
530,1861,712,554,4,261,146
531,165,430,573,1,2465,179
532,246,399,282,5,446,212
533,2305,869,786,5,704,92
534,938,85,736,1,301,207
535,220,710,4,4,2314,78
536,685,354,546,1,1872,110
537,809,543,467,2,1613,180
538,1874,853,693,5,757,105
539,1258,586,782,2,1487,314
540,1580,898,514,5,1787,243
541,1333,558,484,5,935,293
542,2789,837,586,3,1719,4
543,1445,284,432,2,2084,152
544,1313,782,591,2,1794,66
545,660,659,253,3,2289,50
546,23,126,98,4,1959,132
547,338,735,758,2,15,347
548,2783,937,110,1,1260,74
549,289,344,527,3,1784,85
550,1009,179,260,2,1044,186
551,1573,499,308,4,2110,39
552,2962,714,573,2,569,37
553,179,30,152,5,142,314
554,2392,239,877,1,302,46
555,1891,260,553,3,1681,54
556,207,36,737,5,2916,2
557,1556,223,258,4,831,48
558,1794,373,620,5,2378,181
559,187,184,747,5,2256,276
560,1693,379,349,4,2731,129
561,2462,718,31,5,996,249
562,68,901,294,3,2626,301
563,578,409,692,2,2078,169
564,65,39,871,5,409,312
565,1943,301,592,3,460,150
566,362,410,873,2,2857,296
567,1899,688,545,2,529,96
568,821,742,295,5,2847,41
569,1045,937,531,3,909,110
570,198,411,38,5,101,72
571,2815,296,724,4,1997,96
572,1444,77,480,2,1804,67
573,1390,942,498,5,2545,58
574,631,232,526,2,786,118
575,1781,502,659,3,1257,327
576,965,807,723,1,2768,10
577,2814,265,651,5,771,205
578,644,410,431,5,7,234
579,199,77,48,2,244,62
580,2478,136,655,3,1025,99
581,2905,235,238,4,1491,324
582,1451,726,787,3,88,321
583,1263,389,384,5,2877,303
584,1082,683,754,4,2433,90
585,930,689,767,3,803,98
586,424,657,59,1,575,97
587,2947,893,745,2,1173,319
588,2866,579,18,3,1543,339
589,707,394,389,3,2826,277
590,1141,870,507,1,710,10
591,527,722,387,5,865,173
592,606,812,15,2,2772,158
593,586,400,269,3,2878,235
594,2251,287,166,4,2193,268
595,1812,247,120,3,512,303
596,1103,750,455,2,902,0
597,128,789,726,3,1387,68
598,497,367,233,1,1016,64
599,723,562,630,3,448,217
600,510,944,741,3,2477,167
601,2749,189,767,4,6,11
602,2005,243,322,1,2399,295
603,2949,2,730,1,1096,29
604,2364,880,769,3,378,279
605,2222,165,850,4,820,287
606,680,456,151,3,2659,154
607,1848,193,319,3,1750,265
608,975,627,299,2,2682,92
609,275,283,573,2,1001,285
610,2619,684,389,4,2861,363
611,2897,741,569,5,1687,153
612,1656,129,408,2,2106,45
613,2386,759,862,5,433,327
614,1937,776,502,1,731,158
615,774,688,590,2,57,14
616,2936,54,827,2,1662,293
617,1689,139,568,4,150,278
618,2084,767,712,5,2705,122
619,2663,444,630,2,1648,30
620,2859,655,586,2,2601,156
621,1618,247,369,4,2083,360
622,588,850,662,4,318,61
623,2448,553,368,5,2753,204
624,1543,282,757,1,761,202
625,2416,541,38,1,320,17
626,1443,139,809,3,1675,128
627,1802,651,653,2,2475,114
628,274,953,307,5,268,235
629,1735,800,351,2,932,365
630,81,874,53,5,395,246
631,1885,88,214,5,2005,151
632,1652,149,361,5,1101,347
633,554,483,345,2,206,101
634,745,273,848,4,1645,179
635,1897,749,485,2,2175,45
636,2957,541,530,5,1372,112
637,2882,948,254,3,257,230
638,2487,564,520,1,1028,189
639,933,931,121,5,587,55
640,2878,303,878,3,148,166
641,2009,17,321,4,2596,163
642,2310,193,83,5,2812,329
643,2149,441,442,3,770,173
644,1254,434,34,5,1560,270
645,661,135,252,2,2112,58
646,642,229,868,3,534,161
647,2994,363,327,2,1561,273
648,1851,669,135,2,1735,99
649,1974,82,716,3,2528,324
650,1764,834,673,1,493,324
651,2818,364,510,3,2801,224
652,2518,915,215,1,40,272
653,216,162,251,5,2377,360
654,444,906,859,5,2819,133
655,772,817,143,3,430,181
656,2242,616,244,5,1615,53
657,248,382,838,4,2490,292
658,294,307,861,2,1599,107
659,906,232,149,2,1067,161
660,2608,250,627,1,2261,262
661,1308,272,804,5,211,182
662,322,335,109,1,1331,360
663,2412,157,486,2,1323,264
664,2250,893,548,2,2393,250
665,327,619,417,5,1943,261
666,890,799,379,4,2573,26
667,2447,63,302,4,581,340
668,678,514,127,5,2430,236
669,2292,838,519,5,306,112
670,852,937,572,1,1934,326
671,1464,489,610,5,811,101
672,2140,117,33,4,807,105
673,2461,590,328,5,1980,72
674,2441,637,678,1,983,152
675,952,500,428,1,1713,155
676,2350,935,238,1,2349,8
677,2776,255,786,1,2535,255
678,277,346,703,3,131,327
679,816,507,619,5,2942,88
680,423,792,679,2,2876,240
681,2586,470,708,5,2644,49
682,603,124,871,3,2913,207
683,1429,599,707,1,2204,195
684,1828,624,50,3,627,104
685,1319,627,465,4,2656,206
686,39,413,831,4,2630,114
687,1539,744,544,5,2258,332
688,336,851,492,5,426,288
689,1960,886,415,2,1811,276
690,13,784,862,2,1829,245
691,2769,613,626,4,1135,25
692,285,187,249,1,2797,117
693,493,638,413,3,2478,191
694,2228,66,127,2,1169,57
695,2760,779,567,2,1342,335
696,620,24,387,1,2740,87
697,789,13,115,1,70,208
698,962,143,195,5,1431,26
699,798,349,480,3,2420,44
700,710,765,391,1,1541,250
701,1368,508,233,2,444,245
702,537,192,579,2,1274,216
703,311,546,280,4,2029,2
704,2615,697,480,1,2726,212
705,2043,93,574,5,1680,353
706,2998,229,242,3,185,134
707,1019,111,523,5,501,49
708,2410,584,502,2,1278,246
709,2687,708,433,5,1502,27
710,2510,127,676,2,1884,295
711,2592,669,761,2,322,76
712,2538,886,187,2,882,60
713,731,729,571,2,2051,355
714,1066,359,723,2,304,353
715,2434,533,738,4,282,327
716,1026,652,244,5,2041,257
717,1749,73,510,4,2871,295
718,1472,842,748,4,1213,210
719,2872,656,460,1,715,310
720,372,699,386,1,1950,350
721,2711,683,400,1,2023,57
722,1359,592,856,3,1181,117
723,573,238,634,1,2782,205
724,46,214,117,5,2957,80
725,1950,488,131,4,1154,308
726,49,623,745,5,461,330
727,2328,711,535,1,1456,277
728,1360,470,451,3,2929,194
729,2423,50,217,3,1655,195
730,1002,472,460,4,927,314
731,1389,684,183,5,1845,355
732,2083,378,499,2,109,233
733,2411,261,423,5,2903,356
734,2476,167,192,1,1111,350
735,1982,909,294,2,2246,334
736,148,161,549,3,1030,78
737,632,277,747,4,579,221
738,2330,684,813,4,2098,70
739,2147,704,226,3,2641,148
740,1438,55,628,1,1156,2
741,2249,120,704,3,1542,109
742,323,891,427,1,1701,39
743,2066,763,322,2,1363,42
744,30,901,351,3,2816,300
745,1617,370,161,1,2224,242
746,365,148,400,2,719,248
747,2030,549,423,3,1940,279
748,2522,803,681,4,157,49
749,2016,411,100,3,1957,190
750,1643,914,149,5,1451,202
751,2500,844,491,3,90,356
752,2398,832,289,5,2735,144
753,2484,193,404,2,2897,289
754,2442,42,497,3,424,355
755,399,495,783,2,1090,46
756,1890,373,620,2,1852,169
757,21,490,96,1,973,260
758,499,481,252,2,813,87
759,61,285,311,2,1584,355
760,824,207,854,3,563,181
761,1194,80,375,3,228,53
762,687,816,608,4,2259,99
763,1046,217,252,1,155,237
764,307,622,377,2,1874,187
765,515,688,170,1,2352,336
766,470,69,710,5,1129,186
767,2280,890,297,2,2370,37
768,834,787,437,1,300,57
769,2490,211,862,4,2037,154
770,854,740,636,4,1018,120
771,2950,721,18,2,2210,324
772,2044,887,127,5,1623,282
773,2093,608,578,4,1660,147
774,2349,561,366,4,37,63
775,1226,223,585,5,790,208
776,534,831,190,1,2154,149
777,319,435,418,4,2111,349
778,2227,150,524,3,1395,63
779,545,656,452,4,2010,66
780,32,132,254,1,683,284
781,2743,310,85,1,134,129
782,1873,89,356,2,741,41
783,2677,670,629,3,862,216
784,2836,861,456,1,343,32
785,2335,457,709,5,733,190
786,1288,337,110,3,1240,115
787,2089,856,568,3,2569,164
788,1363,837,262,5,2067,315
789,1171,747,548,4,2469,310
790,1523,206,112,5,789,109
791,1860,910,271,5,527,35
792,1097,510,270,4,530,210
793,1023,662,418,4,2266,359
794,2646,689,135,4,2972,158
795,1934,722,655,4,2863,210
796,1766,234,430,4,2381,333
797,1182,79,555,5,1931,260
798,1789,733,545,2,1708,72
799,454,792,122,2,522,341
800,584,331,147,1,2214,217
801,1824,922,654,2,316,356
802,1997,904,214,2,262,248
803,1517,520,206,5,471,5
804,2077,230,618,4,1849,55
805,2664,604,429,4,194,114
806,2055,141,187,5,524,61
807,899,928,798,2,1999,169
808,2459,87,115,5,1091,245
809,793,440,725,1,778,270
810,2622,673,594,4,2811,267
811,1829,180,340,3,2542,360
812,282,364,452,1,2539,62
813,780,658,753,1,884,138
814,2963,459,493,5,1005,277
815,2862,877,56,2,2588,213
816,589,403,127,4,503,145
817,2279,761,42,3,595,232
818,1179,881,496,1,907,315
819,947,780,308,3,401,67
820,1057,143,128,2,897,259
821,1968,928,23,2,2331,178
822,1645,376,669,3,103,288
823,2788,284,603,4,2346,357
824,2587,117,802,2,2517,176
825,2479,855,462,3,81,113
826,1031,54,868,1,1396,30
827,2503,702,482,3,652,40
828,4,768,201,3,2907,21
829,1916,374,714,5,1602,90
830,2650,109,388,2,2810,24
831,1275,70,574,4,1727,285
832,955,246,350,4,989,59
833,2999,37,776,5,92,102
834,95,472,186,4,495,38
835,2516,275,244,3,1276,8
836,2735,201,678,5,2184,194
837,456,49,67,1,389,49
838,1730,299,189,2,1436,89
839,2128,226,48,2,2077,108
840,1911,432,62,2,1596,10
841,375,830,776,3,467,107
842,1095,834,499,1,184,67
843,2971,620,1,5,379,307
844,970,152,809,5,2531,138
845,1322,588,782,2,2120,42
846,2263,791,830,1,2790,288
847,1155,122,784,1,377,75
848,106,622,230,1,988,39
849,2269,846,467,4,2778,258
850,22,78,819,4,14,237
851,2582,341,438,2,2831,12
852,1655,91,306,1,324,211
853,1863,376,864,1,20,325
854,897,252,661,5,151,196
855,936,935,757,5,2938,111
856,48,34,356,2,2016,347
857,1708,552,750,1,2617,280
858,102,206,248,2,1151,196
859,247,953,237,5,186,248
860,1281,634,513,5,1312,312
861,600,801,879,4,1942,106
862,746,567,233,2,1692,141
863,922,692,93,2,2898,192
864,302,69,545,1,2553,138
865,27,701,93,1,233,355
866,1842,588,107,4,276,155
867,513,195,695,3,291,74
868,2884,191,746,3,2445,128
869,2006,951,227,3,1252,303
870,1959,171,23,2,2054,296
871,2314,23,846,2,2734,72
872,168,651,834,5,2237,55
873,2601,661,725,2,1923,292
874,2477,734,655,2,1746,266
875,1695,517,583,2,1177,314
876,2473,852,761,4,1200,354
877,1198,932,12,2,369,317
878,19,757,71,1,671,52
879,225,386,552,1,1355,309
880,408,338,388,5,425,69
881,1782,286,827,4,1700,345
882,2790,450,81,1,161,179
883,1953,803,842,4,1559,257
884,688,321,100,4,863,193
885,2563,84,527,5,1049,313
886,1632,782,335,4,1914,278
887,743,692,711,2,1087,319
888,1635,712,541,4,2932,7
889,345,563,489,5,1745,296
890,778,198,295,5,1262,345
891,1815,166,237,5,2950,352
892,1402,858,197,1,2839,233
893,1008,388,561,2,1479,118
894,2988,271,537,1,1588,83
895,202,257,202,3,2379,203
896,2816,518,62,2,1788,241
897,855,739,284,4,953,331
898,1495,20,394,5,292,32
899,2394,178,597,3,12,50
900,2728,258,845,2,592,346
901,2381,924,89,1,1160,142
902,1733,707,109,5,2599,365
903,738,747,45,1,2241,144
904,1369,164,264,2,1167,16
905,848,770,705,2,1074,270
906,2186,870,328,3,137,134
907,150,706,697,4,2356,302
908,853,599,143,1,1673,214
909,14,58,14,3,1447,100
910,1364,57,830,5,1778,260
911,788,902,267,4,481,333
912,257,747,581,3,963,256
913,1688,12,312,1,1910,103
914,2261,945,427,2,694,167
915,1856,466,765,5,636,315
916,2625,657,574,1,2629,189
917,1041,319,742,4,2073,320
918,2909,909,699,4,1806,221
919,2308,27,140,2,604,115
920,2166,199,412,2,86,280
921,2185,317,557,5,1330,333
922,1596,182,821,5,1027,332
923,1785,397,197,2,1518,31
924,2168,917,273,2,535,277
925,598,73,283,4,1097,260
926,1091,41,792,2,19,148
927,1174,175,795,3,2374,40
928,964,167,678,1,2272,222
929,2201,805,95,2,616,365
930,2671,590,724,5,312,326
931,1737,166,172,3,2527,34
932,1925,893,832,5,1987,314
933,431,383,53,3,2007,234
934,2698,878,280,2,802,281
935,529,402,153,1,2455,99
936,1384,344,808,5,476,168
937,58,420,580,3,72,287
938,1353,734,188,4,1774,213
939,1294,610,363,2,2142,260
940,995,364,506,1,892,90
941,2795,730,499,2,371,143
942,156,180,273,4,2680,329
943,2032,116,602,1,2981,175
944,1107,867,345,4,2300,15
945,871,4,636,2,458,293
946,403,913,239,3,2610,321
947,2049,54,21,2,1549,175
948,755,209,848,2,911,279
949,1085,584,457,2,1939,142
950,1192,835,346,5,388,173
951,857,851,618,4,203,255
952,849,131,77,4,1550,246
953,1629,164,38,4,2321,277
954,2471,907,211,5,1635,245
955,154,67,23,3,2109,31
956,679,886,263,2,496,232
957,522,677,372,3,1928,328
958,447,278,658,5,1666,264
959,2281,870,821,4,181,103
960,17,753,100,2,849,75
961,1151,287,196,1,480,117
962,2761,86,635,1,2804,91
963,194,117,62,3,707,275
964,564,778,108,4,549,329
965,1713,148,793,1,2977,195
966,1697,57,796,3,706,194
967,2678,682,856,5,2313,355
968,1803,72,446,3,345,110
969,2529,378,320,3,105,183
970,502,497,354,3,567,322
971,1487,251,803,2,2470,66
972,2569,251,563,3,2786,288
973,976,826,395,3,303,257
974,1613,700,94,2,2692,47
975,2710,482,388,2,2464,119
976,2602,273,507,5,2785,177
977,1276,389,307,4,641,147
978,77,113,109,1,2187,214
979,1252,710,809,1,1286,210
980,2945,12,794,3,2639,211
981,599,60,774,5,271,316
982,244,37,760,3,2949,125
983,2517,706,228,1,2800,53
984,1400,552,771,2,1239,72
985,117,50,793,4,396,152
986,2545,492,381,5,2139,196
987,1524,720,850,2,775,72
988,684,68,872,4,2681,348
989,2102,586,424,5,297,1
990,174,700,798,5,2600,64
991,468,308,331,1,650,143
992,2809,446,828,2,1322,105
993,90,823,781,5,1490,359
994,560,488,387,5,2574,101
995,1061,687,634,4,1439,58
996,2079,171,544,1,76,48
997,1574,699,689,3,2144,103
998,1593,517,456,1,2722,77
999,1924,175,108,3,2784,306
1000,1324,302,348,2,1505,356
1001,2996,391,419,2,978,126
1002,1311,55,292,5,334,253
1003,139,900,365,2,27,216
1004,791,529,749,5,1947,223
1005,1456,405,168,1,1547,330
1006,1325,73,207,2,499,252
1007,594,595,100,1,329,315
1008,2595,255,462,1,686,135
1009,2221,340,795,2,1717,44
1010,1460,33,594,1,1269,6
1011,2898,926,252,2,1924,163
1012,2826,613,374,2,2586,323
1013,1696,546,707,2,2046,59
1014,2383,677,111,3,573,205
1015,850,858,631,1,1534,39
1016,747,293,551,4,167,281
1017,2326,916,176,2,506,332
1018,9,926,436,1,2297,235
1019,1172,145,800,5,2547,169
1020,2977,539,11,2,2076,199
1021,2755,77,662,2,2423,316
1022,1421,434,7,4,2510,23
1023,2417,615,725,3,1830,156
1024,2489,7,361,3,21,225
1025,1076,798,557,2,2953,162
1026,7,170,272,1,2684,257
1027,116,375,874,5,1819,270
1028,1166,812,382,5,1766,134
1029,1707,636,72,1,2638,132
1030,1279,340,290,2,690,170
1031,2767,239,444,5,2018,54
1032,2436,198,345,3,1639,213
1033,1673,783,31,1,1095,360
1034,88,165,683,4,2391,56
1035,859,420,598,2,2149,76
1036,2850,284,8,1,2860,235
1037,590,207,157,5,1211,44
1038,1927,133,173,2,108,63
1039,2618,792,705,3,249,97
1040,1361,179,139,2,2121,260
1041,133,446,513,2,307,51
1042,896,79,733,3,1889,58
1043,2015,621,175,3,2479,242
1044,2689,135,870,2,2200,10
1045,2443,59,45,3,1742,153
1046,1371,509,448,1,749,64
1047,1817,778,660,3,421,160
1048,919,591,827,3,1188,73
1049,75,955,524,2,1189,78
1050,2063,796,235,1,777,248
1051,164,929,309,4,670,171
1052,2341,146,213,4,572,164
1053,1965,387,786,5,64,28
1054,2803,177,228,3,2344,362
1055,214,549,321,3,2902,234
1056,636,691,765,1,711,67
1057,293,438,715,4,2387,318
1058,1485,698,207,5,1864,221
1059,2820,763,522,1,2937,99
1060,1377,218,368,3,556,338
1061,2504,96,729,4,1508,154
1062,1712,229,763,5,1246,0
1063,2324,600,136,2,906,125
1064,1205,500,626,4,2036,274
1065,1904,493,816,5,2278,99
1066,760,294,861,1,606,251
1067,1835,302,280,2,2685,91
1068,2511,527,287,5,1659,70
1069,2119,542,337,5,2962,324
1070,2658,703,874,3,631,140
1071,2630,123,467,4,2765,13
1072,1792,753,65,3,2032,131
1073,544,115,0,2,124,104
1074,593,401,431,5,2011,274
1075,229,94,146,3,977,0
1076,363,735,445,4,2249,21
1077,943,448,31,2,2673,187
1078,676,679,557,1,2737,261
1079,1732,848,858,3,607,194
1080,2366,22,724,2,2429,300
1081,2362,721,20,1,1945,330
1082,1069,505,473,3,610,108
1083,583,448,726,2,2223,46
1084,1686,239,69,2,1637,134
1085,2347,799,128,3,212,336
1086,1930,404,729,2,2406,191
1087,795,429,680,5,2946,248
1088,2470,901,532,3,1812,324
1089,611,600,657,2,1986,177
1090,2303,743,424,1,1847,200
1091,2668,814,201,1,85,299
1092,2844,92,21,5,1145,71
1093,421,112,624,3,1609,351
1094,942,722,231,2,1204,74
1095,967,949,859,2,294,334
1096,2137,793,481,1,73,155
1097,1027,710,643,5,721,122
1098,2332,414,595,1,468,120
1099,2456,132,862,1,1472,112
1100,2208,215,40,5,2221,79
1101,1957,780,380,3,365,135
1102,1314,848,71,2,2554,357
1103,152,705,307,3,2667,103
1104,2938,361,705,4,13,323
1105,2535,136,295,4,2536,49
1106,2631,605,650,4,1523,186
1107,162,858,721,5,709,43
1108,514,120,335,1,521,30
1109,2384,534,603,3,2174,210
1110,880,826,787,2,119,260
1111,1134,806,234,4,1205,103
1112,1388,751,423,3,1563,288
1113,346,293,529,4,232,246
1114,2707,920,15,4,812,39
1115,203,371,648,2,1314,102
1116,1503,163,623,5,1901,315
1117,641,739,743,1,1818,104
1118,432,617,470,5,1327,50
1119,465,506,443,3,2690,226
1120,2640,573,678,5,2837,230
1121,1175,897,177,3,1004,11
1122,1993,326,179,3,1944,243
1123,1620,464,383,1,2836,108
1124,1476,793,461,2,1413,8
1125,296,556,569,1,1888,218
1126,1894,495,351,5,2213,99
1127,1599,517,32,3,2961,156
1128,2024,675,704,4,2723,214
1129,954,595,629,4,2896,178
1130,2139,66,318,3,1010,133
1131,384,751,879,1,422,248
1132,1126,421,449,2,1303,308
1133,1432,336,793,1,1744,263
1134,863,794,143,3,1115,257
1135,2974,74,726,3,2720,295
1136,1805,851,494,2,872,351
1137,2141,698,261,5,2989,150
1138,1683,439,310,5,2422,94
1139,2942,854,687,2,2675,354
1140,0,597,260,5,2794,236
1141,1176,335,69,4,2732,104
1142,1801,866,824,5,2885,359
1143,1293,578,65,5,222,253
1144,2835,33,542,5,2516,25
1145,1626,720,733,4,2538,345
1146,1587,495,434,5,822,277
1147,1348,520,459,4,2495,171
1148,2343,125,696,2,2699,363
1149,393,225,586,1,2598,345
1150,2378,688,861,2,427,85
1151,18,688,618,1,1148,111
1152,395,404,320,2,845,74
1153,1020,517,87,1,1214,354
1154,135,659,643,1,2728,215
1155,1183,912,581,3,1724,238
1156,2367,62,269,1,3,285
1157,2348,769,654,1,1048,41
1158,2883,250,164,3,1925,346
1159,2768,354,140,5,1364,354
1160,825,468,279,5,1913,84
1161,683,863,100,3,829,263
1162,422,71,469,4,391,235
1163,1298,686,781,1,766,115
1164,1600,584,676,1,1377,16
1165,1425,129,315,3,605,349
1166,2979,215,847,3,59,24
1167,2708,189,157,4,2158,46
1168,1602,332,324,5,1,355
1169,373,178,251,2,1136,78
1170,820,20,239,5,2808,169
1171,84,369,537,1,1206,86
1172,218,35,46,3,2419,218
1173,2390,175,308,4,1094,185
1174,1866,74,869,5,2576,283
1175,205,544,326,4,1605,359
1176,2598,795,157,5,213,69
1177,2667,731,365,1,1321,271
1178,2395,543,689,2,344,18
1179,2146,642,748,4,387,363
1180,401,28,440,4,550,23
1181,1840,927,21,2,1684,2
1182,1770,801,303,4,643,163
1183,67,525,488,4,2159,188
1184,819,951,297,5,1861,247
1185,993,743,332,5,1661,20
1186,2098,672,298,2,2060,239
1187,397,235,434,1,315,9
1188,2754,0,595,4,210,67
1189,504,247,162,1,1612,14
1190,64,931,590,2,1459,272
1191,2739,872,342,2,1250,200
1192,1671,62,380,5,2042,165
1193,259,578,88,4,648,206
1194,1529,687,533,3,979,258
1195,2647,806,591,2,1974,199
1196,2460,100,242,4,889,89
1197,526,297,111,1,2968,292
1198,1521,774,80,5,2366,329
1199,1434,899,604,1,559,265
1200,2605,335,317,2,102,98
1201,1381,855,249,2,2864,38
1202,1929,714,250,1,1201,253
1203,2133,224,265,2,1086,10
1204,775,580,436,4,602,42
1205,2233,158,562,2,1450,108
1206,2041,633,583,5,659,30
1207,226,107,326,4,781,256
1208,528,615,842,3,2367,98
1209,2596,467,244,2,1860,192
1210,193,118,632,2,404,218
1211,1074,558,803,5,1585,174
1212,245,275,426,5,2608,262
1213,1480,942,161,1,2935,339
1214,1021,259,86,1,2307,41
1215,2757,935,605,1,2050,230
1216,2951,831,7,5,445,176
1217,315,688,122,1,1088,153
1218,2696,712,788,1,455,193
1219,2207,290,671,3,1594,248
1220,1661,471,264,1,2323,59
1221,843,761,679,2,1225,62
1222,391,932,509,5,2435,24
1223,2900,115,541,4,1455,55
1224,1356,752,310,3,79,53
1225,2541,136,495,5,2841,38
1226,839,400,38,5,1883,132
1227,1699,348,806,2,990,49
1228,2008,94,309,1,2995,63
1229,1043,268,205,2,928,172
1230,2899,378,780,1,858,172
1231,74,454,483,1,1634,236
1232,2438,153,160,5,828,216
1233,2634,132,203,1,2462,360
1234,334,776,438,3,633,188
1235,835,593,842,3,1219,27
1236,790,76,426,3,1764,141
1237,1783,5,568,5,400,158
1238,1334,588,130,2,2688,313
1239,1209,42,354,4,2024,179
1240,977,664,318,1,2325,61
1241,697,470,140,4,760,74
1242,1173,170,478,2,2138,244
1243,1630,505,819,2,526,169
1244,1833,182,334,5,669,191
1245,596,403,248,3,1190,8
1246,1473,651,768,3,341,83
1247,2812,831,662,2,586,271
1248,337,432,369,5,2909,279
1249,200,450,165,5,585,215
1250,591,464,358,1,205,251
1251,471,523,515,3,505,316
1252,861,687,700,2,2890,36
1253,486,272,839,4,121,203
1254,1562,74,442,3,1350,71
1255,2198,382,471,1,1638,348
1256,2432,818,806,5,951,241
1257,2138,673,142,2,880,346
1258,1253,504,348,3,2844,131
1259,2542,279,483,4,1263,168
1260,2758,825,429,1,1474,246
1261,2690,106,390,1,474,295
1262,2397,409,115,3,525,364
1263,2775,102,393,4,1972,83
1264,2262,949,274,1,1799,29
1265,1396,610,370,2,1471,49
1266,2035,347,430,1,323,89
1267,2895,495,585,4,1409,300
1268,1722,176,77,5,1326,267
1269,810,722,188,5,1544,128
1270,935,862,828,3,2646,183
1271,1170,60,501,4,1740,139
1272,281,738,774,1,1704,220
1273,402,605,202,1,2992,179
1274,312,276,250,5,1748,142
1275,2297,611,269,5,2119,257
1276,105,951,182,2,2416,0
1277,1161,855,362,5,2460,291
1278,1391,312,114,2,724,140
1279,2425,214,565,1,729,25
1280,2670,797,229,2,1797,185
1281,1330,250,593,2,2584,61
1282,2463,867,28,3,67,167
1283,270,580,17,5,1624,240
1284,76,169,516,2,681,23
1285,2709,79,449,1,2591,278
1286,2864,393,62,4,2780,34
1287,2705,790,64,2,898,138
1288,2183,611,445,5,1398,362
1289,6,821,384,3,2414,31
1290,1983,653,778,1,2458,302
1291,264,516,506,3,1566,112
1292,20,472,93,4,747,201
1293,769,573,621,2,2417,195
1294,356,537,301,2,2887,168
1295,2101,229,238,5,1868,189
1296,376,421,747,2,120,204
1297,800,527,427,1,2390,12
1298,2004,49,849,4,2795,245
1299,2472,195,161,3,1568,115
1300,1181,457,58,4,2279,140
1301,2562,47,686,2,765,309
1302,1032,252,358,3,2281,256
1303,2218,4,230,5,1103,138
1304,1207,32,588,4,2309,28
1305,1063,179,433,3,1988,235
1306,374,483,309,3,1993,20
1307,2163,571,218,3,1141,249
1308,288,847,11,1,491,296
1309,2197,402,553,4,1251,328
1310,966,522,288,3,2557,195
1311,658,237,150,4,1076,209
1312,2848,308,199,3,1108,280
1313,2868,214,60,5,1336,303
1314,651,462,683,5,923,97
1315,1827,857,748,5,368,296
1316,2573,310,388,2,843,162
1317,1923,605,669,3,1184,359
1318,380,352,869,2,2047,158
1319,361,897,281,4,74,224
1320,1409,606,541,2,1762,308
1321,196,5,136,4,1408,64
1322,1084,85,170,4,160,208
1323,2086,572,24,4,702,242
1324,813,204,867,2,2456,266
1325,2380,390,848,3,2322,200
1326,2260,31,38,2,1643,290
1327,1374,534,335,3,2920,250
1328,1426,158,463,3,869,51
1329,796,327,732,4,1783,272
1330,1466,796,855,2,2444,152
1331,2465,514,804,3,1081,91
1332,83,562,873,5,1179,257
1333,982,581,45,3,1249,172
1334,797,521,831,5,2714,272
1335,232,212,24,2,873,35
1336,2819,840,409,2,2686,62
1337,1540,47,564,2,1150,91
1338,512,199,436,3,814,147
1339,725,127,91,1,1890,276
1340,495,861,857,3,2762,342
1341,2323,253,129,3,596,91
1342,2212,98,873,4,1221,191
1343,2985,374,533,4,679,208
1344,918,467,346,3,2234,161
1345,2721,474,661,5,870,245
1346,574,524,148,4,2250,302
1347,147,355,403,3,1840,34
1348,2969,639,614,1,1224,57
1349,256,104,821,5,752,323
1350,2301,150,48,2,33,276
1351,140,382,552,3,450,193
1352,1589,95,125,3,1929,137
1353,2568,371,73,5,1683,74
1354,2191,457,434,4,1057,76
1355,303,272,7,4,89,113
1356,230,784,279,4,2211,94
1357,669,50,787,2,1773,301
1358,532,28,632,5,1410,277
1359,2680,647,283,5,1790,283
1360,1458,112,676,4,2100,82
1361,860,130,487,4,696,125
1362,2069,167,477,1,1575,142
1363,969,45,34,1,2186,96
1364,1955,210,566,3,116,36
1365,2355,758,473,3,825,84
1366,1231,232,157,5,2267,149
1367,1999,498,608,5,472,330
1368,2536,445,199,2,1470,83
1369,1508,2,659,2,1254,218
1370,2867,629,789,1,639,205
1371,2311,419,55,3,1062,45
1372,1991,910,441,1,1946,227
1373,1295,773,695,1,2513,88
1374,273,161,662,3,2440,248
1375,1810,691,236,2,1827,119
1376,2780,509,618,3,2693,326
1377,122,661,517,4,1755,138
1378,2256,188,399,4,2940,87
1379,2376,251,798,4,913,80
1380,1354,502,663,5,217,256
1381,2961,611,451,2,2879,272
1382,805,79,727,2,2511,353
1383,2073,831,214,5,2012,238
1384,50,522,181,1,728,276
1385,500,125,107,4,2792,363
1386,2171,371,552,4,386,200
1387,2174,901,243,1,912,242
1388,617,531,256,3,296,278
1389,1406,795,17,3,250,46
1390,729,672,369,2,2748,235
1391,317,285,231,5,1022,64
1392,2238,655,143,2,657,344
1393,2718,667,770,3,1617,146
1394,1038,245,391,1,2834,134
1395,815,245,433,2,2334,303
1396,1242,388,474,4,2268,155
1397,1759,0,795,4,1657,235
1398,1302,470,785,1,2933,266
1399,547,118,631,3,193,138
1400,2838,222,673,4,632,270
1401,1809,639,261,4,141,239
1402,944,395,457,5,516,320
1403,379,659,560,2,2265,260
1404,2039,204,726,3,2612,32
1405,703,856,23,2,473,82
1406,1528,928,49,3,2956,175
1407,770,608,183,4,890,220
1408,2059,440,390,5,1969,292
1409,450,94,25,2,239,268
1410,2578,715,477,4,2140,346
1411,1090,393,208,3,1689,41
1412,2732,3,382,2,1789,260
1413,1034,81,521,2,1777,332
1414,1821,892,634,4,500,44
1415,2704,205,187,2,542,45
1416,2524,302,574,5,1414,237
1417,1257,298,585,5,2233,20
1418,1383,662,103,4,885,9
1419,1967,263,682,3,2192,205
1420,1490,790,490,4,2965,349
1421,638,158,268,5,836,237
1422,1565,803,748,1,1936,201
1423,398,15,87,1,449,94
1424,2847,324,20,2,2027,331
1425,1601,596,294,2,2022,107
1426,1845,281,301,1,2196,182
1427,2549,253,434,5,1498,355
1428,235,247,696,2,2582,152
1429,1202,663,328,4,231,49
1430,2665,320,720,4,1810,236
1431,2192,307,680,5,2398,185
1432,912,719,757,2,1894,361
1433,2420,846,817,4,1975,255
1434,552,128,100,2,1693,297
1435,369,609,755,2,1170,359
1436,1578,684,604,4,2359,3
1437,701,126,162,1,1582,53
1438,1672,676,319,4,2691,123
1439,2865,793,738,5,367,106
1440,1455,6,668,3,866,252
1441,2682,87,13,4,1795,340
1442,1736,606,394,2,2616,189
1443,1265,919,154,2,2506,213
1444,2161,565,166,4,242,120
1445,1331,587,115,3,335,113
1446,1811,172,508,4,2045,86
1447,1408,346,745,3,2609,217
1448,2056,18,254,3,519,214
1449,2408,100,854,5,2855,274
1450,711,609,715,2,2672,212
1451,1278,557,688,2,2150,295
1452,195,778,272,3,763,104
1453,1896,748,245,2,1264,123
1454,2666,884,165,1,1803,225
1455,2997,180,531,3,2944,191
1456,2890,486,39,2,1581,315
1457,1978,140,359,1,844,154
1458,2699,95,754,5,2153,174
1459,2023,882,713,2,952,294
1460,1148,851,309,1,274,62
1461,2846,716,193,4,2336,7
1462,2740,823,283,4,746,276
1463,1098,868,163,1,1567,56
1464,1642,120,627,3,1994,98
1465,2733,23,58,3,2595,78
1466,2203,135,154,2,34,79
1467,383,888,93,4,237,11
1468,694,22,422,3,1460,249
1469,1621,380,139,3,1229,141
1470,1403,876,421,4,2532,343
1471,483,823,501,5,2648,150
1472,2652,303,310,3,762,317
1473,1838,760,745,1,129,276
1474,744,955,586,2,854,264
1475,2379,326,258,3,2566,271
1476,2566,383,496,3,195,345
1477,585,433,331,5,2697,263
1478,2493,396,546,1,152,135
1479,1995,406,82,2,2412,16
1480,101,632,234,3,1598,17
1481,2921,669,163,2,1473,332
1482,1839,815,611,4,1915,227
1483,1067,691,64,3,2534,262
1484,466,677,227,3,2180,181
1485,1296,220,179,4,2482,348
1486,1884,230,216,5,1417,322
1487,1223,322,206,3,1426,331
1488,1375,666,839,2,1197,264
1489,1634,587,550,1,1138,39
1490,1059,501,259,2,1283,4
1491,1212,563,641,5,2329,240
1492,2226,392,808,1,2717,261
1493,2557,100,26,2,1654,57
1494,2672,747,431,2,1492,241
1495,415,634,234,4,196,18
1496,1312,764,719,5,826,362
1497,1841,857,872,4,374,270
1498,1750,56,92,1,667,142
1499,144,705,756,4,1652,123
1500,2148,750,53,5,2217,41
1501,2002,478,171,3,2365,108
1502,2779,172,64,3,1694,44
1503,15,570,259,1,590,326
1504,1758,785,185,3,2711,333
1505,1430,534,130,4,2908,343
1506,47,432,674,1,1786,271
1507,283,734,250,5,714,19
1508,1525,792,465,1,2034,138
1509,2496,172,27,1,2900,283
1510,445,809,356,2,1382,214
1511,1850,44,737,2,2990,111
1512,1670,955,279,1,646,356
1513,898,350,569,3,1069,32
1514,881,738,249,2,1768,300
1515,2105,854,715,5,2064,218
1516,1787,50,569,4,2635,245
1517,1638,900,860,2,2361,229
1518,2800,468,494,1,1685,253
1519,1545,158,565,3,483,195
1520,847,820,638,4,1932,170
1521,1606,493,760,2,280,221
1522,472,785,457,3,1548,318
1523,1297,258,472,3,2240,136
1524,2318,450,239,3,1235,308
1525,29,181,649,1,2292,221
1526,2365,832,797,5,2500,166
1527,321,125,400,3,2161,327
1528,261,828,639,4,18,118
1529,873,395,15,2,2413,242
1530,902,654,612,4,140,265
1531,394,308,518,1,440,359
1532,2955,603,77,1,1665,49
1533,184,414,199,4,1119,90
1534,138,717,645,5,1348,316
1535,2413,209,277,1,613,163
1536,705,654,741,1,1416,322
1537,2628,34,564,4,2758,260
1538,2452,316,737,1,827,287
1539,2920,295,455,5,1723,18
1540,1419,355,797,5,2515,192
1541,2833,401,10,5,202,127
1542,2359,628,631,2,136,185
1543,1715,347,187,5,29,300
1544,2959,599,294,5,727,247
1545,387,395,627,2,1034,56
1546,1482,117,678,3,2747,145
1547,2993,52,368,1,649,145
1548,2871,78,586,5,2049,261
1549,1315,253,812,1,571,97
1550,99,698,371,4,833,179
1551,2940,306,858,1,1423,25
1552,1558,633,759,2,2130,9
1553,2000,301,487,1,1510,33
1554,8,462,333,1,1400,231
1555,476,545,627,1,2783,77
1556,2626,307,840,3,175,70
1557,181,123,152,3,754,364
1558,2893,934,137,4,510,15
1559,1305,395,275,2,665,94
1560,1100,570,841,1,1705,283
1561,2564,674,765,1,1070,56
1562,2534,316,859,1,846,334
1563,2796,173,35,1,1578,164
1564,2659,109,753,3,2525,20
1565,143,266,269,4,1015,3
1566,2512,414,233,5,1375,95
1567,1446,529,120,2,2668,297
1568,693,653,714,1,1557,124
1569,2673,327,359,4,284,350
1570,1594,24,202,5,235,175
1571,208,557,121,4,986,358
1572,125,421,82,3,2867,297
1573,1292,639,723,5,2766,26
1574,1651,828,829,4,1282,50
1575,54,58,431,3,434,365
1576,2798,634,817,4,1511,124
1577,114,640,708,4,1926,271
1578,1616,839,256,5,1587,97
1579,2639,895,454,3,931,168
1580,1557,424,705,1,2550,111
1581,404,935,693,2,1261,99
1582,1564,378,737,5,2850,23
1583,592,418,164,3,2843,109
1584,1684,491,603,4,987,347
1585,2712,144,541,3,997,178
1586,2293,118,819,2,2856,251
1587,728,176,322,2,436,299
1588,696,632,874,1,910,104
1589,1240,260,460,1,1862,257
1590,295,920,3,2,2245,309
1591,60,843,182,5,2526,55
1592,1988,941,435,5,1892,109
1593,2118,485,234,4,703,238
1594,34,279,596,1,1512,271
1595,968,390,342,4,855,257
1596,2052,715,598,1,2275,43
1597,1195,208,352,2,1292,18
1598,1641,762,361,5,219,163
1599,2901,227,91,5,2436,229
1600,2179,603,768,2,328,327
1601,2162,252,402,4,685,76
1602,357,123,205,4,1625,295
1603,1710,514,345,3,2438,326
1604,2881,154,313,1,2715,293
1605,2360,51,77,4,1033,241
1606,93,297,359,2,2270,125
1607,1268,784,733,4,725,81
1608,2135,203,812,5,1242,353
1609,2609,134,480,1,893,353
1610,862,475,719,3,220,162
1611,2567,530,773,1,2571,310
1612,572,687,86,5,1241,333
1613,1820,453,92,5,841,30
1614,28,465,611,5,490,241
1615,1222,135,772,5,1574,112
1616,2832,840,161,2,2677,275
1617,2075,473,272,3,2252,65
1618,2346,712,569,5,1454,263
1619,2309,307,89,5,171,241
1620,2840,584,547,4,431,231
1621,2094,290,157,3,2999,165
1622,2282,736,40,1,1833,63
1623,215,662,735,3,265,59
1624,2662,372,259,3,145,362
1625,126,274,294,3,2097,322
1626,2058,867,534,5,1562,36
1627,2837,787,603,5,1718,236
1628,1244,86,602,2,968,354
1629,1763,205,9,1,2028,127
1630,2526,344,48,4,1316,205
1631,388,127,805,3,1967,94
1632,1588,832,585,1,2318,256
1633,463,53,202,1,726,335
1634,1639,817,0,2,2824,128
1635,2532,67,238,4,1619,349
1636,1316,416,752,3,376,184
1637,426,797,157,4,1071,209
1638,2937,632,147,2,2669,150
1639,2178,16,270,5,60,259
1640,2692,729,153,1,52,303
1641,2584,478,626,3,1886,64
1642,236,21,827,5,566,259
1643,712,598,78,2,2998,139
1644,1748,581,490,4,2276,295
1645,1970,32,348,1,331,337
1646,665,35,386,3,2745,64
1647,1858,745,7,5,2452,362
1648,709,429,589,5,948,87
1649,2550,709,42,1,2653,30
1650,2357,336,93,4,1134,248
1651,1162,905,666,2,16,134
1652,2134,630,767,4,43,290
1653,2439,369,259,4,999,101
1654,1977,487,269,4,545,314
1655,2296,866,112,1,785,238
1656,2551,886,279,1,2363,203
1657,190,205,272,2,1517,243
1658,1912,309,236,4,2719,307
1659,2433,748,239,1,1098,29
1660,846,117,286,2,651,25
1661,2794,55,236,2,675,123
1662,1269,678,176,4,441,125
1663,1132,939,540,3,700,67
1664,1496,0,494,4,879,280
1665,2784,857,287,3,1058,278
1666,2495,344,450,2,950,342
1667,462,201,653,1,929,209
1668,1754,15,835,5,2341,159
1669,300,374,430,2,399,240
1670,1567,567,232,1,1366,235
1671,874,270,228,2,1007,353
1672,91,753,80,4,622,122
1673,437,711,273,3,1887,355
1674,2932,766,362,2,2874,127
1675,530,920,334,1,2396,209
1676,1412,147,748,4,1165,324
1677,2040,38,271,5,2695,112
1678,2585,496,310,4,514,334
1679,1131,876,617,3,2345,204
1680,734,508,550,4,2799,331
1681,520,558,592,5,1045,21
1682,37,443,1,1,1782,348
1683,1952,228,728,2,824,331
1684,1,260,655,3,2665,200
1685,953,677,191,5,678,316
1686,1886,84,204,3,2190,301
1687,2290,24,233,4,2185,96
1688,425,731,108,3,197,345
1689,652,576,141,5,1124,362
1690,272,820,195,2,24,248
1691,1902,234,122,2,1298,170
1692,2645,941,300,3,2315,71
1693,1518,188,800,1,2918,138
1694,837,748,592,3,2188,350
1695,2013,251,404,4,2173,65
1696,654,833,341,2,200,11
1697,2237,794,208,2,2895,279
1698,1547,615,235,2,1676,16
1699,51,933,547,1,125,39
1700,978,560,226,1,2512,260
1701,1017,724,849,5,557,363
1702,1071,363,687,3,1555,340
1703,771,662,70,3,1036,83
1704,2020,770,540,4,497,288
1705,1832,89,772,2,899,209
1706,2022,287,691,1,2663,353
1707,808,363,738,4,1916,223
1708,2190,930,143,4,2620,292
1709,2284,894,494,1,2448,214
1710,997,480,445,3,1023,142
1711,1200,592,848,2,838,181
1712,1092,142,579,3,2852,71
1713,2857,646,487,4,1698,184
1714,988,137,650,2,588,336
1715,1050,565,355,5,1411,119
1716,416,682,220,4,1038,121
1717,2181,189,692,3,1039,238
1718,1679,435,606,3,691,295
1719,1822,183,105,3,1785,40
1720,474,625,717,1,199,21
1721,231,525,131,4,1800,265
1722,2299,571,825,2,1589,25
1723,1088,231,834,3,661,309
1724,176,326,727,3,1014,235
1725,2554,37,97,1,1432,161
1726,192,547,309,2,2299,322
1727,2497,849,485,4,1709,231
1728,1717,515,505,5,2493,323
1729,1010,596,764,1,2447,284
1730,1526,172,111,4,1131,281
1731,2572,92,808,5,2178,332
1732,950,861,853,3,2212,312
1733,2482,561,257,3,2332,69
1734,278,850,2,2,1258,321
1735,2211,329,553,5,2652,165
1736,2445,128,353,3,82,234
1737,209,455,335,3,995,292
1738,786,232,808,2,1869,52
1739,2007,633,2,4,1180,120
1740,1108,487,393,3,2357,98
1741,2266,79,614,1,1863,289
1742,794,480,533,1,759,243
1743,1690,935,710,4,2170,120
1744,2404,461,547,5,1920,12
1745,2624,888,111,2,2791,254
1746,553,357,460,1,1159,352
1747,2976,906,355,1,1146,204
1748,662,892,575,4,2755,269
1749,1682,665,841,5,2269,345
1750,763,400,752,5,2971,281
1751,2010,849,30,4,818,136
1752,1467,603,22,1,1530,322
1753,1492,366,826,2,1982,287
1754,2972,55,467,1,625,177
1755,1149,148,833,5,417,154
1756,983,324,286,1,2927,315
1757,2427,299,322,2,2851,260
1758,2685,439,131,3,1328,104
1759,2611,534,745,1,1537,204
1760,160,400,624,4,2923,105
1761,3,516,77,3,1758,316
1762,1210,20,134,4,1380,342
1763,482,518,765,4,2093,208
1764,1156,542,117,4,2544,270
1765,917,537,98,1,1310,200
1766,1511,527,395,5,1441,99
1767,2841,237,483,3,638,97
1768,2033,840,483,2,942,287
1769,894,884,744,5,2116,336
1770,2714,931,442,1,2958,230
1771,1966,225,833,4,1042,342
1772,2828,106,771,2,2411,202
1773,1461,418,36,3,1904,350
1774,2396,219,490,5,2742,54
1775,1843,896,398,5,1385,296
1776,551,467,807,2,2410,174
1777,2110,219,505,1,1196,143
1778,2987,20,22,3,2408,194
1779,2621,317,168,2,2427,251
1780,1247,507,566,4,1289,206
1781,1581,536,53,3,1496,63
1782,2830,812,744,5,2760,164
1783,2157,177,342,2,881,326
1784,221,532,91,5,1255,84
1785,2651,104,62,5,9,32
1786,371,243,731,5,1971,138
1787,364,811,631,1,1445,121
1788,291,694,370,5,919,66
1789,773,844,871,4,1843,150
1790,1948,300,4,4,1306,25
1791,1901,395,144,3,1418,197
1792,496,906,761,5,1237,150
1793,2483,414,200,5,405,266
1794,1910,410,318,2,438,237
1795,2187,850,24,1,123,314
1796,2100,220,214,3,842,359
1797,24,730,494,5,2311,327
1798,704,731,78,2,774,209
1799,442,859,640,1,2375,154
1800,1919,721,728,3,2894,1
1801,2984,72,86,3,2757,44
1802,1869,275,137,5,1751,229
1803,31,315,383,3,689,179
1804,435,372,748,2,860,317
1805,1915,723,463,3,2407,84
1806,1003,871,133,4,1437,87
1807,2464,552,149,2,2286,139
1808,36,269,452,1,2873,235
1809,1846,716,479,1,1527,364
1810,1633,492,128,5,1174,101
1811,905,389,679,5,452,65
1812,2036,123,809,4,1996,174
1813,234,946,864,1,1118,5
1814,1998,593,142,1,1503,209
1815,1497,414,813,1,664,124
1816,1284,835,675,1,1176,306
1817,1933,21,271,3,1558,350
1818,2725,844,28,2,1104,36
1819,653,222,155,2,1139,271
1820,1624,547,627,4,380,263
1821,991,251,76,3,1392,110
1822,1667,590,408,1,2628,266
1823,1185,871,27,1,1202,282
1824,1256,327,866,5,2776,74
1825,868,885,146,5,100,191
1826,1757,650,33,4,1591,50
1827,2727,830,538,1,2606,257
1828,714,695,201,4,2080,69
1829,671,614,76,3,2082,209
1830,1804,228,147,2,2156,203
1831,1990,39,190,1,1674,231
1832,1102,86,300,3,2222,320
1833,1698,422,41,1,2360,125
1834,2722,272,213,5,2415,77
1835,2919,699,245,4,2118,42
1836,1706,193,691,5,2884,301
1837,1320,134,325,2,2326,63
1838,1818,14,386,5,2622,20
1839,2943,791,246,1,2543,39
1840,1898,812,427,5,1089,10
1841,1044,45,41,1,2967,9
1842,104,589,98,2,2162,308
1843,1647,496,543,5,1963,197
1844,672,750,599,4,1707,292
1845,286,507,74,4,1019,1
1846,250,798,520,4,1253,99
1847,339,545,105,5,2880,191
1848,2528,680,417,5,981,127
1849,2642,304,0,5,1711,1
1850,201,710,160,1,1816,61
1851,1985,748,690,2,1949,22
1852,1459,348,135,4,1670,256
1853,1018,465,69,1,2830,341
1854,1742,591,809,4,192,196
1855,1111,922,245,1,918,113
1856,783,407,27,5,2205,216
1857,1951,423,518,4,528,9
1858,1514,153,818,5,2529,309
1859,159,445,823,4,876,252
1860,883,169,554,3,255,222
1861,984,706,127,1,772,44
1862,501,372,83,3,406,275
1863,2759,185,127,1,1769,272
1864,715,784,733,2,1006,35
1865,1016,392,201,4,272,79
1866,2799,66,511,2,2248,89
1867,1309,894,392,2,1564,37
1868,1075,82,215,1,955,256
1869,751,312,743,3,2155,163
1870,299,750,621,5,1601,292
1871,1291,423,693,1,127,234
1872,2869,73,752,5,2754,359
1873,2787,902,641,2,1882,175
1874,460,34,873,5,49,26
1875,1721,854,543,3,2339,95
1876,885,467,811,1,2104,324
1877,2327,409,83,3,1966,97
1878,1516,248,78,3,1217,290
1879,2992,109,771,1,1198,201
1880,1159,270,654,3,2530,167
1881,2232,92,756,4,903,232
1882,1357,573,838,4,1193,270
1883,26,141,664,4,1871,309
1884,768,716,704,5,609,154
1885,2194,58,435,3,353,160
1886,2184,497,684,1,1302,40
1887,1227,135,836,1,87,101
1888,1193,516,761,5,126,30
1889,2096,687,827,1,1632,127
1890,2485,275,672,4,2152,269
1891,1022,296,197,3,1279,338
1892,1304,157,468,1,2232,317
1893,1592,325,518,1,1222,108
1894,2215,370,197,2,2310,132
1895,1219,920,294,2,2640,52
1896,57,763,741,2,520,205
1897,1847,635,492,3,1826,79
1898,1385,361,683,4,2761,207
1899,1625,363,233,4,1580,5
1900,33,441,370,4,1522,215
1901,2492,554,666,3,1699,48
1902,484,443,214,3,256,238
1903,557,613,490,2,1122,15
1904,1760,525,318,1,1371,22
1905,1336,686,787,5,847,320
1906,559,452,248,5,390,210
1907,2325,116,107,1,1978,335
1908,188,805,265,2,2966,257
1909,740,150,695,1,2948,333
1910,1687,661,717,1,1140,349
1911,1089,49,742,5,894,216
1912,1772,161,329,2,2457,74
1913,877,469,825,3,1113,148
1914,1800,835,469,5,1813,314
1915,134,7,513,3,462,100
1916,2481,393,146,2,2072,156
1917,1654,932,106,1,351,144
1918,2827,167,512,4,1663,220
1919,1146,232,97,4,174,1
1920,2418,508,686,2,2284,131
1921,129,263,83,4,2461,18
1922,475,221,117,3,2676,338
1923,2821,833,740,4,2809,17
1924,2240,350,272,2,1696,40
1925,2946,835,335,2,419,193
1926,325,69,723,3,1458,283
1927,1534,839,1,4,2886,331
1928,2519,579,217,4,246,51
1929,1914,136,750,1,1162,305
1930,2104,925,160,5,2424,354
1931,563,197,774,2,1881,329
1932,2414,598,697,1,48,290
1933,2391,849,727,2,1532,355
1934,2029,937,360,1,418,298
1935,1505,209,164,5,69,223
1936,210,353,30,1,2383,158
1937,2910,224,524,2,1495,56
1938,1685,291,260,4,1099,158
1939,506,391,522,2,111,240
1940,2807,825,388,3,1256,202
1941,1790,612,64,3,2397,273
1942,615,570,323,3,143,269
1943,1365,118,203,3,1955,237
1944,2234,861,245,5,330,273
1945,910,94,752,4,993,358
1946,2271,792,270,4,1397,82
1947,52,272,758,2,1556,185
1948,699,174,297,1,1604,151
1949,258,945,412,2,382,10
1950,1509,945,219,2,2781,231
1951,2926,106,472,2,1394,61
1952,2344,845,613,2,2055,167
1953,2933,228,302,4,2779,319
1954,2252,590,6,1,856,176
1955,1450,411,348,2,1499,245
1956,2466,346,762,4,1776,10
1957,2014,615,374,2,2426,267
1958,579,365,244,3,1597,118
1959,700,496,364,2,2218,114
1960,872,890,644,2,2090,64
1961,1239,850,119,5,1710,350
1962,2620,789,828,3,2636,279
1963,2770,273,860,1,1155,320
1964,2129,424,741,2,2814,104
1965,1164,783,669,1,2389,251
1966,43,434,849,3,183,72
1967,2038,203,793,2,509,203
1968,1536,257,455,5,170,82
1969,1345,586,458,4,2548,217
1970,924,873,210,5,2564,165
1971,271,153,90,5,815,183
1972,2246,845,178,4,804,109
1973,1104,837,264,4,1729,311
1974,2860,460,416,4,2271,279
1975,2354,571,685,2,39,10
1976,1610,799,636,1,1311,193
1977,1114,35,223,1,1026,239
1978,1030,777,732,4,139,314
1979,1235,790,225,5,1668,257
1980,754,942,522,3,1347,284
1981,1255,258,51,4,1521,328
1982,1745,769,762,5,2997,63
1983,2385,111,427,5,2134,219
1984,716,480,44,2,2560,199
1985,1274,650,1,2,1186,39
1986,359,121,617,1,2593,77
1987,2583,347,202,1,2209,210
1988,2797,780,145,3,2257,127
1989,2561,251,552,3,321,162
1990,856,836,452,3,63,200
1991,1236,612,583,3,2099,250
1992,448,585,394,5,2009,346
1993,1117,329,690,5,2939,78
1994,840,236,492,1,2561,263
1995,581,653,719,2,279,186
1996,675,314,300,2,463,97
1997,702,601,37,4,2979,356
1998,727,302,863,5,226,39
1999,183,931,121,3,2167,201
2000,1837,729,343,3,1381,86
2001,2078,287,572,4,394,350
2002,433,908,434,2,1053,19
2003,2167,232,499,3,2614,152
2004,2723,541,322,2,2428,70
2005,1504,803,407,4,2689,160
2006,488,914,814,2,1171,340
2007,1727,47,460,2,1128,5
2008,298,923,640,2,799,235
2009,519,921,194,3,28,363
2010,1224,649,876,1,1308,319
2011,1072,63,858,5,99,195
2012,1440,707,316,2,1031,99
2013,233,919,455,2,1440,324
2014,240,449,218,2,645,333
2015,670,479,627,1,253,68
2016,2772,406,616,4,1650,2
2017,931,343,766,3,162,311
2018,2902,193,876,1,1466,45
2019,1042,487,264,2,2003,126
2020,1584,673,507,1,1629,197
2021,2579,143,28,1,656,57
2022,409,46,577,1,1244,81
2023,1711,852,245,4,1247,53
2024,2747,455,531,5,2113,144
2025,1566,316,845,3,2443,200
2026,1979,950,862,4,795,258
2027,306,418,831,4,1570,257
2028,310,99,321,5,947,339
2029,1035,625,708,4,2487,102
2030,2111,490,541,1,1272,198
2031,741,955,498,1,2320,93
2032,1352,464,451,2,1611,102
2033,2713,137,149,4,2043,243
2034,1512,846,596,2,2195,241
2035,2351,511,129,3,2537,79
2036,2906,686,12,1,2853,33
2037,314,278,239,3,2472,115
2038,2785,782,397,5,2497,53
2039,170,244,585,1,1781,10
2040,145,897,734,3,1529,92
2041,2469,718,612,5,962,196
2042,674,308,706,3,1178,147
2043,2520,835,549,5,2008,352
2044,2046,277,370,5,238,63
2045,1243,125,447,1,599,101
2046,451,680,6,2,2771,319
2047,1603,166,217,5,594,24
2048,571,181,390,5,156,260
2049,864,915,864,1,946,134
2050,1895,670,248,2,834,98
2051,2697,457,402,4,1739,343
2052,440,352,758,4,1017,247
2053,2437,11,589,2,1340,229
2054,2406,358,76,3,644,305
2055,146,943,393,1,1618,229
2056,249,457,72,2,10,244
2057,511,392,773,4,908,70
2058,158,694,27,5,1228,319
2059,934,223,443,4,1792,53
2060,1973,801,217,5,742,328
2061,2778,272,664,1,934,19
2062,390,615,46,5,32,162
2063,1622,912,695,2,2238,302
2064,2113,876,445,5,2115,339
2065,2501,922,821,3,2803,148
2066,2457,648,40,2,66,342
2067,2334,42,734,1,1325,85
2068,865,321,703,2,1483,108
2069,1692,277,674,3,779,277
2070,127,83,38,1,580,39
2071,1607,517,600,4,713,330
2072,1550,292,110,3,1199,130
2073,2130,653,99,1,1120,273
2074,1791,263,83,5,293,279
2075,1137,192,62,2,1935,159
2076,155,436,839,1,423,15
2077,406,478,337,2,1644,237
2078,2990,812,490,5,1401,211
2079,1729,774,348,1,1233,322
2080,1522,365,404,4,2020,333
2081,1481,834,590,3,2991,68
2082,185,795,158,1,2911,59
2083,619,787,695,5,2274,131
2084,1940,724,398,1,2764,91
2085,2294,368,535,2,1064,49
2086,1121,890,651,1,1277,35
2087,2422,420,424,4,1545,69
2088,2839,31,788,1,916,249
2089,1190,497,205,3,1127,300
2090,131,876,875,1,2729,31
2091,1709,354,146,2,784,272
2092,1507,932,431,1,2520,292
2093,627,156,379,4,1858,331
2094,838,334,758,5,373,249
2095,1065,19,323,1,361,140
2096,2206,512,271,1,717,308
2097,817,609,460,3,577,137
2098,1969,717,426,4,1032,17
2099,900,589,497,5,660,13
2100,2159,93,239,2,95,176
2101,682,645,189,1,2176,109
2102,1549,300,400,5,1526,363
2103,1395,278,146,2,2832,273
2104,2873,408,508,4,568,227
2105,2751,530,744,4,1194,316
2106,2480,75,288,5,2922,287
2107,1358,214,254,2,2468,193
2108,2,50,243,4,2703,56
2109,1147,954,783,5,1960,23
2110,2070,55,339,4,2798,161
2111,449,71,127,4,479,359
2112,243,721,214,4,1175,209
2113,2298,788,502,3,2736,354
2114,635,161,359,2,2777,194
2115,1494,419,653,5,2540,337
2116,238,480,269,5,640,33
2117,973,589,70,2,1917,224
2118,1453,488,204,2,216,363
2119,2597,534,764,2,2494,78
2120,777,41,844,2,44,157
2121,1793,326,422,1,668,135
2122,62,274,541,5,2807,249
2123,1216,384,398,1,864,67
2124,831,217,600,4,1898,305
2125,802,247,795,4,1307,113
2126,2012,765,829,5,956,168
2127,290,816,584,4,2522,143
2128,569,312,778,2,2578,119
2129,587,24,300,1,128,295
2130,2205,108,291,2,2982,171
2131,1211,376,815,4,2025,11
2132,2861,560,298,1,1494,88
2133,2223,190,130,2,2556,86
2134,1124,109,581,5,55,142
2135,1380,666,621,2,1734,137
2136,381,546,309,4,251,305
2137,163,558,95,1,1546,208
2138,1199,894,762,5,2858,257
2139,1776,547,261,1,966,252
2140,2099,893,542,5,673,87
2141,925,936,549,1,1406,0
2142,360,193,187,4,1489,320
2143,2695,788,421,5,2057,322
2144,2856,195,547,3,924,209
2145,2731,29,331,1,115,333
2146,2886,579,112,1,960,285
2147,1499,902,776,2,1467,178
2148,1120,200,327,5,2733,266
2149,2616,738,36,3,1516,239
2150,333,763,439,4,2409,215
2151,98,640,790,2,2488,290
2152,1367,657,140,3,1690,138
2153,1677,498,748,5,2891,166
2154,1784,713,110,3,1808,277
2155,1208,204,212,1,2486,158
2156,1420,480,332,1,1433,4
2157,2623,391,264,2,1166,102
2158,886,513,595,5,2148,301
2159,1583,874,739,5,1859,216
2160,2202,899,499,3,1092,83
2161,130,81,494,2,552,240
2162,1058,763,459,5,921,103
2163,1056,955,459,1,1895,263
2164,1273,237,578,3,132,80
2165,2791,262,775,4,2905,181
2166,452,207,501,1,1933,349
2167,42,935,676,2,1501,300
2168,2011,548,363,5,1080,24
2169,1823,141,698,1,1844,273
2170,663,165,466,4,247,315
2171,2853,914,100,4,1078,348
2172,2333,392,778,2,2033,84
2173,1228,912,466,1,1361,102
2174,2091,244,0,3,2328,290
2175,172,644,253,1,2866,153
2176,2170,463,361,4,1319,331
2177,1168,384,729,2,1953,270
2178,713,619,527,2,2263,22
2179,736,427,452,3,2952,77
2180,657,434,692,2,1210,13
2181,1250,395,389,2,475,227
2182,1036,618,28,2,2838,233
2183,1184,79,828,2,342,96
2184,726,318,109,2,539,149
2185,2048,585,87,4,1060,287
2186,1328,250,471,1,2818,321
2187,2429,910,368,5,1370,316
2188,2657,26,151,2,1857,225
2189,762,426,613,5,2216,132
2190,901,291,45,5,905,20
2191,708,893,436,4,2559,294
2192,951,695,562,2,1977,348
2193,2345,513,233,5,2583,241
2194,2120,926,177,2,336,124
2195,1448,871,797,3,1109,94
2196,1060,332,22,3,1333,250
2197,2590,917,166,3,2549,24
2198,2802,594,32,5,1608,193
2199,637,375,545,3,2004,60
2200,2368,136,111,4,114,187
2201,841,190,375,4,2129,167
2202,2276,60,124,5,967,267
2203,113,738,438,2,1003,51
2204,2540,114,264,1,2225,146
2205,1714,299,254,2,2128,257
2206,1145,409,143,2,2649,327
2207,541,341,195,2,2859,276
2208,2786,112,241,2,984,270
2209,2916,626,67,1,459,261
2210,558,760,257,3,2696,65
2211,2199,709,580,2,1976,353
2212,621,610,138,4,565,64
2213,1230,578,521,5,875,56
2214,2831,936,230,5,2074,25
2215,2762,570,71,4,576,344
2216,2371,850,283,2,2039,218
2217,2085,519,648,1,2385,57
2218,141,729,272,3,507,84
2219,2613,494,787,5,1259,98
2220,2531,858,601,3,532,333
2221,2700,111,177,1,2182,212
2222,1299,449,570,5,2746,9
2223,1773,604,804,3,2063,325
2224,1266,617,791,1,2035,205
2225,2430,268,272,3,1163,162
2226,1561,536,22,2,144,234
2227,1435,275,566,1,1658,338
2228,1115,86,574,3,2031,127
2229,63,443,55,2,1390,204
2230,1563,494,504,2,2618,27
2231,1116,260,220,1,2825,141
2232,1229,414,722,4,97,215
2233,2455,498,96,5,2546,225
2234,2331,722,611,1,2704,341
2235,1728,148,820,2,1430,352
2236,2142,610,655,2,975,84
2237,94,618,368,1,837,62
2238,1992,234,705,4,1357,70
2239,2286,476,530,5,2103,88
2240,2229,783,872,3,2306,289
2241,920,783,511,1,2101,17
2242,614,198,93,5,682,63
2243,2903,798,587,5,782,283
2244,927,132,773,2,2647,18
2245,1893,186,774,3,176,76
2246,576,241,391,1,2017,211
2247,455,412,252,2,215,307
2248,1140,198,75,2,517,342
2249,1332,100,517,4,372,241
2250,832,136,788,5,624,242
2251,44,99,288,1,1182,42
2252,929,105,386,1,1839,102
2253,597,431,164,1,780,256
2254,1527,558,322,2,348,189
2255,2019,146,737,4,1404,157
2256,153,358,366,3,1835,75
2257,2031,67,366,2,337,180
2258,2165,425,709,3,225,15
2259,2953,58,321,4,169,186
2260,1191,354,244,5,457,52
2261,1880,302,765,1,1595,316
2262,1087,660,766,3,2706,27
2263,1006,426,96,2,5,101
2264,1340,718,47,3,2199,171
2265,806,338,150,5,2235,99
2266,555,659,719,1,397,334
2267,2116,75,149,3,1335,70
2268,1694,873,42,5,2605,2
2269,263,758,437,2,223,46
2270,1033,691,527,4,1438,224
2271,2801,577,467,2,809,135
2272,2894,846,538,1,2767,105
2273,2915,667,47,2,1867,168
2274,2018,842,554,2,2984,216
2275,562,43,576,2,1513,362
2276,1761,704,481,2,432,25
2277,1475,177,416,1,2718,220
2278,2811,300,859,5,415,78
2279,2648,852,666,3,2496,37
2280,648,315,857,4,1352,18
2281,171,181,490,3,904,302
2282,254,787,167,3,1524,137
2283,2435,366,64,4,1484,281
2284,1585,563,82,1,1435,236
2285,2123,706,696,4,1443,110
2286,2255,398,29,1,2132,333
2287,2062,222,779,3,2872,70
2288,803,495,473,1,2264,227
2289,2914,795,130,5,655,284
2290,1961,807,764,4,1761,106
2291,2804,135,620,5,939,42
2292,2017,242,501,3,384,86
2293,1636,812,71,4,465,175
2294,2808,76,90,3,764,349
2295,1264,69,532,5,2741,101
2296,582,401,528,3,2802,321
2297,1826,339,829,4,1964,163
2298,730,791,512,4,2015,321
2299,1474,506,111,3,2157,202
2300,1704,678,667,4,922,327
2301,996,693,650,4,298,74
2302,1515,313,297,3,543,247
2303,870,745,470,5,159,204
2304,1984,283,71,4,2987,28
2305,2127,251,236,4,1248,26
2306,1931,745,783,4,1672,32
2307,343,644,371,4,1820,201
2308,2774,865,447,3,541,262
2309,2752,17,181,5,2751,245
2310,420,107,131,5,2889,194
2311,110,755,119,1,75,116
2312,2637,729,771,4,2925,232
2313,109,408,259,4,1152,346
2314,630,93,83,1,2171,261
2315,1283,733,610,5,2671,144
2316,990,698,124,2,628,162
2317,549,597,113,2,42,154
2318,1245,703,331,5,248,23
2319,1376,873,729,4,1756,246
2320,939,202,193,2,564,13
2321,1054,9,526,3,1267,79
2322,1500,413,304,3,2131,63
2323,1554,866,353,1,2293,187
2324,2638,108,821,5,1533,299
2325,2405,691,583,5,2914,27
2326,1780,409,474,2,810,209
2327,2863,280,571,4,974,105
2328,1935,315,548,5,2881,64
2329,2028,614,305,2,107,88
2330,2720,276,97,2,2931,117
2331,1939,703,438,5,84,350
2332,721,831,559,2,2348,15
2333,1814,888,96,1,2509,325
2334,2235,32,457,1,2446,163
2335,1972,615,168,5,2219,9
2336,1225,294,36,4,848,282
2337,1007,690,333,1,2633,305
2338,2068,703,657,1,35,320
2339,1138,641,276,5,2892,208
2340,2336,78,328,3,1838,225
2341,1905,683,641,2,1271,23
2342,1546,105,11,1,149,299
2343,2764,271,787,3,414,337
2344,417,186,726,4,2581,25
2345,1920,131,711,3,2631,151
2346,1052,75,570,5,240,126
2347,1079,4,788,4,2973,276
2348,626,640,460,4,852,289
2349,2454,468,701,3,2095,125
2350,2499,666,631,5,753,309
2351,1949,240,827,1,1063,122
2352,1542,413,724,3,224,194
2353,1868,39,260,1,957,145
2354,2236,611,222,3,695,74
2355,509,165,577,1,1085,189
2356,2773,707,221,3,732,196
2357,167,495,619,4,1334,267
2358,2419,767,841,2,236,132
2359,1469,292,40,4,635,41
2360,765,908,410,1,600,200
2361,981,905,787,5,554,73
2362,2164,57,192,4,2135,37
2363,2243,599,264,2,1457,122
2364,2716,835,341,1,435,13
2365,1441,234,607,4,2262,238
2366,12,271,320,3,896,245
2367,1462,21,868,5,1834,316
2368,1769,767,816,1,738,91
2369,1128,779,589,4,945,320
2370,1900,403,312,1,355,181
2371,567,656,67,3,347,74
2372,66,707,19,2,2066,257
2373,812,94,371,4,1667,265
2374,1506,882,562,1,1554,229
2375,667,832,629,1,1024,291
2376,1510,721,635,1,623,173
2377,1619,26,547,2,2239,339
2378,1234,313,383,1,851,250
2379,1410,573,44,5,839,149
2380,566,602,816,5,138,132
2381,960,216,45,1,2298,23
2382,2097,589,371,5,840,333
2383,335,361,343,4,1736,204
2384,1177,420,611,5,2040,146
2385,1537,310,23,1,2227,352
2386,328,130,862,3,597,153
2387,1871,459,494,4,1821,130
2388,1241,918,240,2,533,195
2389,1118,352,273,1,2926,103
2390,548,79,499,2,1356,21
2391,664,456,164,3,2255,63
2392,875,696,598,2,2260,7
2393,2539,539,714,1,737,297
2394,2513,285,103,1,403,54
2395,829,192,27,3,615,6
2396,2071,765,831,1,2418,310
2397,1872,600,154,3,1815,161
2398,2060,382,797,3,2230,281
2399,989,74,496,1,1232,141
2400,1078,743,164,5,1507,80
2401,2114,611,236,3,1386,257
2402,349,202,673,1,1313,26
2403,367,313,360,5,1842,273
2404,1399,822,630,3,2619,55
2405,204,150,718,5,2434,171
2406,2870,266,850,4,1824,39
2407,1165,167,449,4,699,16
2408,613,116,199,5,77,216
2409,1347,829,459,3,1236,359
2410,118,418,460,1,1305,261
2411,656,719,134,2,2373,305
2412,252,705,143,1,1043,202
2413,695,457,579,2,1571,337
2414,735,621,63,2,277,41
2415,2467,70,540,3,1077,291
2416,1980,348,579,5,915,38
2417,858,330,599,1,1317,261
2418,2214,835,498,5,1052,329
2419,1609,233,442,4,2247,237
2420,904,727,646,3,464,90
2421,2042,499,319,3,1147,184
2422,1215,722,291,4,65,282
2423,161,627,360,1,980,241
2424,2253,841,783,4,2842,211
2425,2525,67,187,1,110,308
2426,1004,90,422,2,410,14
2427,732,522,647,3,2441,206
2428,2153,881,67,1,2565,320
2429,206,360,19,5,2993,131
2430,1411,923,201,5,1275,90
2431,1605,61,385,3,508,221
2432,1428,367,328,4,482,96
2433,957,362,460,4,1763,218
2434,177,132,320,1,936,83
2435,1335,144,656,4,1446,231
2436,308,292,875,3,1047,309
2437,999,225,797,1,680,107
2438,691,758,664,2,26,28
2439,719,110,126,4,311,292
2440,2375,93,831,4,147,281
2441,690,846,704,1,2405,324
2442,2923,347,62,5,2710,111
2443,987,441,204,4,723,51
2444,2629,364,503,3,1691,148
2445,1378,394,234,4,2701,77
2446,698,440,619,2,800,358
2447,521,610,44,4,859,141
2448,1220,902,826,5,536,100
2449,461,264,491,4,1238,13
2450,1423,53,386,1,1234,324
2451,1945,536,817,4,2070,265
2452,524,684,718,5,2492,14
2453,1449,196,777,1,2514,332
2454,1178,19,677,3,2805,158
2455,1373,350,132,1,338,321
2456,189,573,175,2,2160,172
2457,1922,211,435,1,1301,196
2458,5,632,649,3,2893,298
2459,2095,145,131,4,2505,353
2460,866,804,417,1,2813,277
2461,119,917,119,1,402,331
2462,132,752,27,1,965,325
2463,2372,386,543,1,23,350
2464,761,185,698,3,2645,38
2465,1248,871,316,5,487,52
2466,227,807,592,5,642,163
2467,2267,251,577,1,204,350
2468,2744,296,605,3,2642,291
2469,2026,952,297,3,2865,326
2470,2108,721,161,1,439,24
2471,1012,156,355,2,1367,148
2472,441,844,104,1,135,326
2473,186,653,678,2,177,162
2474,2973,751,540,1,2919,285
2475,1743,318,738,2,1848,316
2476,1153,519,600,2,1288,163
2477,940,368,255,1,363,5
2478,1285,776,715,2,626,206
2479,352,280,681,4,317,187
2480,1859,830,315,5,1706,218
2481,1964,187,731,3,413,338
2482,2034,708,117,2,2105,328
2483,845,129,842,2,943,299
2484,1798,954,627,3,791,201
2485,1519,321,252,2,241,253
2486,237,556,334,3,2303,62
2487,1724,432,323,1,2243,271
2488,876,400,236,4,392,169
2489,2636,504,350,4,2296,288
2490,211,346,8,5,207,307
2491,297,675,632,2,17,146
2492,2742,806,761,5,1877,206
2493,412,180,70,1,310,207
2494,70,103,700,4,2541,247
2495,459,323,542,1,1506,43
2496,2352,855,292,1,2484,361
2497,2745,493,459,2,1230,35
2498,1323,936,690,1,819,131
2499,1232,415,795,4,2127,185
2500,2737,783,130,5,806,253
2501,2082,310,667,4,1715,64
2502,2825,826,411,2,2280,252
2503,1889,236,234,4,1444,198
2504,1349,506,195,3,620,362
2505,1808,438,637,5,113,268
2506,1570,795,719,3,969,337
2507,2877,413,136,3,1922,297
2508,103,475,379,2,560,65
2509,120,152,697,1,925,3
2510,2970,685,10,3,122,39
2511,623,174,562,4,1284,306
2512,2589,219,430,1,2590,225
2513,1569,307,505,4,537,209
2514,2144,740,858,4,540,35
2515,1337,888,27,1,478,55
2516,1081,848,174,1,354,327
2517,2966,844,674,4,1779,273
2518,191,312,578,2,2000,228
2519,2855,293,254,5,470,157
2520,2544,616,857,5,1273,80
2521,1000,807,182,2,1329,349
2522,2922,581,633,1,2833,20
2523,2817,490,16,4,1116,334
2524,2514,952,190,5,2820,221
2525,2337,891,694,4,1714,261
2526,818,610,272,2,2053,268
2527,1039,105,384,4,2489,201
2528,884,602,375,2,319,340
2529,2216,633,565,1,2769,47
2530,1037,61,440,2,1376,227
2531,2683,555,9,2,666,73
2532,2106,463,599,5,2650,195
2533,666,656,93,4,1965,22
2534,756,909,411,5,1702,216
2535,1756,642,474,3,692,127
2536,2928,611,804,2,2319,236
2537,40,239,728,3,2750,158
2538,1259,551,505,5,451,109
2539,2741,609,842,4,2400,266
2540,2627,511,666,5,1897,112
2541,1073,618,779,4,4,114
2542,86,269,281,4,349,194
2543,2875,839,452,1,283,45
2544,2257,113,806,2,744,272
2545,2843,681,9,5,562,312
2546,2822,181,737,4,2613,281
2547,893,513,645,5,1930,92
2548,753,489,653,5,2317,292
2549,228,814,393,4,1631,66
2550,1678,20,667,3,1780,108
2551,1799,934,655,2,877,364
2552,1771,697,700,2,1187,278
2553,78,484,219,1,1481,321
2554,577,423,642,1,2254,164
2555,2188,932,711,1,2579,281
2556,1049,601,492,2,2062,270
2557,182,459,9,3,1149,313
2558,2824,756,815,2,179,164
2559,1816,172,507,2,2164,92
2560,1053,285,831,2,1293,164
2561,2580,619,727,2,2201,275
2562,2045,25,207,3,1117,281
2563,498,718,688,1,797,238
2564,799,381,720,5,118,213
2565,879,451,35,1,1216,207
2566,2874,689,367,1,325,233
2567,331,134,474,5,972,79
2568,2125,113,482,2,1021,100
2569,2475,247,631,3,1985,57
2570,2092,461,603,3,1504,261
2571,733,764,430,1,2793,22
2572,1740,187,722,5,383,225
2573,867,538,531,4,2679,361
2574,1844,358,66,2,2945,98
2575,2288,775,775,1,1290,202
2576,72,713,652,3,2759,245
2577,2122,570,728,5,1866,242
2578,2444,30,767,5,2183,114
2579,2061,343,41,1,2970,211
2580,492,572,3,4,1066,21
2581,1502,179,534,3,83,235
2582,1513,808,801,1,191,91
2583,1906,462,337,4,2126,132
2584,2407,683,530,5,2058,306
2585,1579,649,351,2,104,163
2586,2306,563,350,3,2169,290
2587,358,353,142,3,2868,100
2588,453,926,390,4,1093,164
2589,2930,461,135,1,1961,364
2590,659,145,761,5,917,292
2591,253,294,589,4,1291,30
2592,1188,727,57,2,611,350
2593,2239,546,642,2,1979,105
2594,2552,314,752,2,375,91
2595,916,363,829,4,2568,347
2596,2676,843,760,5,2088,0
2597,2247,873,297,3,1315,120
2598,2607,500,285,1,221,8
2599,2230,895,677,3,1642,20
2600,1303,508,686,5,1525,331
2601,972,938,668,3,498,241
2602,909,14,122,4,182,134
2603,1909,716,752,2,2597,73
2604,348,540,154,5,1041,70
2605,1725,190,401,5,1621,238
2606,1068,404,265,3,1297,1
2607,1301,364,534,4,1121,75
2608,1405,500,591,3,2572,203
2609,2960,333,541,3,1855,77
2610,2738,621,805,5,1798,94
2611,2488,740,597,3,1012,325
2612,517,596,574,2,1079,156
2613,963,663,189,3,2963,183
2614,2730,173,186,2,2355,315
2615,2389,684,317,5,2508,24
2616,1553,768,791,4,2342,269
2617,255,442,143,2,2592,59
2618,1796,868,289,4,2904,150
2619,2944,447,651,4,2117,159
2620,1768,195,333,2,2471,293
2621,173,52,650,5,2096,259
2622,385,162,97,1,578,106
2623,2912,514,90,4,2277,66
2624,434,116,873,4,2002,179
2625,1327,635,102,5,2603,219
2626,836,41,257,5,1873,259
2627,1201,780,875,3,2585,158
2628,2088,391,190,5,2654,201
2629,2548,368,103,4,2870,95
2630,1047,746,7,2,1981,229
2631,2653,653,195,1,1941,310
2632,1947,1,310,3,2602,198
2633,882,330,586,2,68,255
2634,1559,504,379,1,1480,18
2635,1932,870,406,1,1903,131
2636,1341,550,678,1,1854,214
2637,2270,464,850,2,1137,277
2638,2547,412,312,3,531,263
2639,948,251,405,3,878,59
2640,1944,525,861,1,2928,258
2641,2911,825,550,2,1759,297
2642,2400,517,817,1,2451,173
2643,1454,406,761,5,593,34
2644,2278,569,419,3,1747,270
2645,53,668,387,4,755,88
2646,2268,767,704,1,1475,293
2647,405,252,208,5,2524,280
2648,2302,186,421,3,555,361
2649,2530,450,561,2,1002,142
2650,2724,428,167,3,970,131
2651,222,387,729,2,2683,352
2652,1119,474,838,2,1227,74
2653,608,940,460,1,2921,55
2654,1535,839,169,1,2384,266
2655,2322,403,340,3,1730,194
2656,100,796,170,5,1682,15
2657,1452,813,412,3,309,155
2658,2896,440,805,4,2351,115
2659,1648,39,600,2,2473,117
2660,1663,587,508,2,305,178
2661,2312,799,195,1,1084,326
2662,1478,830,789,5,381,49
2663,2103,883,478,1,2661,364
2664,1774,568,363,4,930,323
2665,223,6,338,3,716,142
2666,1483,891,31,3,1195,347
2667,428,593,819,5,1332,51
2668,2131,891,160,1,1677,72
2669,1217,421,31,1,2068,177
2670,543,519,385,4,1061,97
2671,2991,831,793,3,53,340
2672,96,942,274,1,2594,208
2673,1246,306,596,5,2404,22
2674,1471,470,161,3,366,251
2675,2225,314,517,4,2294,236
2676,1751,298,453,5,1651,37
2677,1669,728,61,2,1962,35
2678,1614,664,703,4,290,284
2679,10,370,618,5,2906,254
2680,1571,356,233,1,1133,121
2681,1777,683,97,2,582,107
2682,525,276,425,4,1572,74
2683,941,502,538,1,1059,261
2684,87,808,852,2,1123,242
2685,2891,494,184,3,1463,308
2686,2610,118,607,1,2501,148
2687,82,667,294,5,2086,15
2688,1879,593,595,4,1515,121
2689,2880,593,398,2,1606,347
2690,386,352,169,1,416,252
2691,851,900,663,3,339,188
2692,689,71,278,4,801,160
2693,737,840,537,4,756,87
2694,1109,290,320,1,11,306
2695,2571,896,794,3,1287,255
2696,911,465,535,2,868,163
2697,1394,6,386,1,2450,129
2698,536,296,723,2,1294,52
2699,1398,28,590,4,98,240
2700,396,10,395,2,938,28
2701,2813,729,496,3,1641,154
2702,1887,516,826,5,2845,122
2703,2879,375,758,3,2941,301
2704,956,921,458,2,547,303
2705,1956,278,718,1,190,84
2706,1744,701,783,4,1374,357
2707,1572,238,417,5,447,113
2708,1447,0,253,1,1476,118
2709,1720,179,27,1,787,287
2710,1136,356,423,3,1610,20
2711,2264,880,729,2,1741,225
2712,2823,553,337,3,2137,346
2713,108,370,87,2,1497,350
2714,2527,263,55,3,1389,333
2715,2726,846,500,1,437,51
2716,655,576,662,4,2226,45
2717,2156,639,484,2,362,357
2718,2834,105,481,5,2678,170
2719,1080,898,112,5,2985,47
2720,2913,812,31,1,958,243
2721,1196,926,424,3,1646,318
2722,2196,376,7,3,1008,298
2723,2688,764,380,1,2611,152
2724,469,159,367,5,2627,138
2725,2451,497,626,5,1452,83
2726,961,896,847,3,2817,313
2727,2241,509,438,2,1469,137
2728,1382,155,446,4,2829,236
2729,2694,510,320,2,443,102
2730,1122,744,818,5,783,182
2731,565,129,450,2,1132,94
2732,1127,225,129,4,1752,41
2733,1608,380,628,2,1046,197
2734,1387,477,21,2,420,209
2735,634,760,597,2,2403,269
2736,639,279,572,2,654,167
2737,2080,27,860,1,637,310
2738,242,675,281,5,165,18
2739,2374,694,375,4,1509,174
2740,2369,722,154,5,2236,286
2741,1416,720,337,1,2437,202
2742,2474,76,488,1,117,30
2743,309,118,730,1,1656,272
2744,2691,827,433,1,1164,142
2745,2588,947,43,2,1353,70
2746,2361,355,653,5,2136,141
2747,25,671,69,3,674,150
2748,1996,275,84,4,1912,58
2749,1936,461,627,1,2518,151
2750,2175,626,33,5,2231,347
2751,767,266,850,1,1144,20
2752,2655,119,340,1,548,208
2753,1133,546,109,1,1688,19
2754,1577,911,539,1,173,325
2755,2604,35,707,1,146,101
2756,531,54,662,4,1911,98
2757,178,12,139,5,1771,312
2758,1186,716,677,1,2295,311
2759,717,346,723,1,574,357
2760,2978,385,851,1,133,239
2761,2734,758,648,1,2827,194
2762,1568,109,702,2,601,261
2763,1560,15,271,2,1990,6
2764,1401,186,492,3,188,124
2765,681,216,816,1,1540,154
2766,992,114,391,3,2974,314
2767,2021,185,591,4,2474,222
2768,2888,661,391,3,1538,181
2769,1064,560,695,5,619,333
2770,2277,736,121,2,1420,181
2771,2210,733,609,2,1647,195
2772,1158,818,130,1,2523,134
2773,979,451,630,1,1223,6
2774,618,216,156,4,327,153
2775,38,237,282,4,2773,279
2776,844,725,383,5,158,54
2777,1747,8,348,1,78,109
2778,2373,189,279,1,1622,88
2779,1971,216,715,4,2251,116
2780,998,375,70,4,1770,353
2781,1853,379,65,4,900,173
2782,2313,493,460,2,308,72
2783,378,840,189,3,2350,22
2784,2641,173,183,3,1732,132
2785,814,341,251,1,2637,161
2786,2748,687,493,2,672,35
2787,2750,363,581,4,1878,257
2788,2415,351,441,1,1725,211
2789,784,52,728,2,598,246
2790,56,836,591,5,2491,192
2791,1650,694,415,2,1802,42
2792,2986,673,115,1,823,293
2793,2387,898,71,3,2308,250
2794,2958,765,92,4,2713,114
2795,2792,4,431,5,2425,160
2796,1849,463,565,2,895,141
2797,2715,404,57,1,2503,68
2798,1105,735,189,1,494,365
2799,505,149,670,4,2664,102
2800,1488,786,18,1,1828,211
2801,329,846,33,1,1671,293
2802,1723,305,596,4,201,174
2803,1404,310,360,5,2290,40
2804,535,826,67,3,1391,4
2805,2908,177,112,3,712,355
2806,2889,259,757,2,591,163
2807,305,110,733,5,2607,119
2808,1954,634,119,2,2621,298
2809,2968,140,521,3,1918,190
2810,1289,867,184,4,1453,339
2811,971,484,79,1,773,142
2812,892,354,489,3,553,89
2813,112,948,57,5,2463,349
2814,2684,235,152,3,2775,257
2815,212,666,207,5,260,177
2816,2703,155,441,5,466,72
2817,612,841,653,5,492,328
2818,1267,574,195,2,2442,32
2819,2603,368,761,4,1952,323
2820,1427,321,735,3,2394,66
2821,2287,88,761,4,2846,83
2822,366,183,69,1,1320,29
2823,1143,304,476,3,62,207
2824,1664,940,0,4,2716,221
2825,2533,891,684,4,273,91
2826,2939,247,565,1,180,142
2827,2338,561,32,5,2504,190
2828,224,720,350,3,701,236
2829,1700,80,380,3,258,283
2830,2370,54,452,1,1880,355
2831,1203,559,720,5,994,85
2832,175,293,795,3,745,74
2833,2409,950,458,3,2969,298
2834,1139,219,700,3,340,41
2835,1531,729,488,5,608,254
2836,267,900,417,1,769,205
2837,430,740,208,3,51,303
2838,340,741,265,4,2287,284
2839,2660,889,68,5,1125,359
2840,1883,48,473,2,817,43
2841,764,644,771,1,1569,57
2842,2248,440,236,4,1626,60
2843,2570,541,460,3,2353,213
2844,1674,92,81,2,1801,104
2845,2065,578,314,1,1697,248
2846,124,586,72,5,168,55
2847,1392,503,810,2,1938,351
2848,923,446,415,2,2368,285
2849,2151,847,585,4,1535,348
2850,1892,402,752,1,2283,361
2851,926,697,434,4,2823,101
2852,1486,668,816,4,2483,21
2853,742,267,649,3,2756,250
2854,1123,177,111,5,287,49
2855,2231,799,8,2,61,212
2856,1433,390,706,1,163,158
2857,1680,460,12,5,2959,82
2858,550,684,301,5,370,134
2859,2087,509,345,1,2340,303
2860,480,49,415,5,2013,234
2861,629,223,537,3,1422,97
2862,2399,568,347,5,2439,225
2863,921,583,500,3,198,8
2864,2729,700,699,2,2123,8
2865,2265,624,752,2,1362,104
2866,71,815,165,4,1309,203
2867,2917,386,418,3,794,257
2868,1538,860,722,2,2449,292
2869,1350,331,754,5,1192,82
2870,123,550,842,1,1056,245
2871,1344,49,47,1,1157,307
2872,1881,761,445,3,2623,40
2873,2956,36,634,4,982,318
2874,1628,687,428,5,2519,260
2875,1431,352,311,3,289,163
2876,1702,321,287,1,1664,189
2877,1597,642,368,3,2743,202
2878,1615,110,589,5,1388,327
2879,2904,779,370,2,22,171
2880,1938,596,608,5,1951,108
2881,1163,101,605,2,1720,250
2882,2289,778,869,2,1906,3
2883,342,753,315,2,1000,173
2884,1631,708,727,3,1973,151
2885,410,836,807,1,2498,116
2886,2145,822,215,3,1633,245
2887,2810,385,272,1,914,266
2888,284,123,780,5,2901,283
2889,2574,696,136,4,1968,339
2890,2934,638,632,5,1603,323
2891,1262,375,852,3,1300,56
2892,279,217,175,3,2815,96
2893,414,422,434,1,1268,329
2894,1493,119,371,3,1995,95
2895,2927,222,634,2,1528,222
2896,2644,890,606,3,2069,223
2897,407,383,776,1,2208,92
2898,1277,424,568,1,684,270
2899,1778,772,113,2,1695,91
2900,2450,476,452,1,454,125
2901,2180,714,109,4,2075,180
2902,749,471,827,5,708,277
2903,2388,705,68,3,227,187
2904,826,878,633,4,2203,364
2905,1366,652,242,3,614,26
2906,546,569,372,4,1218,316
2907,2259,224,592,3,1343,142
2908,1555,739,296,2,2770,32
2909,650,56,653,1,1359,255
2910,758,398,474,1,1209,34
2911,1249,870,158,2,722,319
2912,2515,451,449,4,621,46
2913,2980,179,614,5,2052,158
2914,1261,470,694,4,2061,182
2915,869,47,338,1,1243,26
2916,2177,130,332,5,269,81
2917,1595,592,650,3,1037,95
2918,2981,831,560,5,1536,176
2919,2782,13,120,4,2917,101
2920,556,514,391,2,2752,136
2921,1439,408,489,3,1553,363
2922,481,849,259,4,1083,239
2923,1099,78,865,3,2709,327
2924,1470,880,768,5,1669,268
2925,1414,290,143,1,629,302
2926,149,954,332,4,2125,256
2927,878,428,98,2,1870,41
2928,2283,377,714,5,1970,235
2929,1407,313,814,4,1486,53
2930,2599,496,322,2,630,46
2931,1675,152,128,4,2670,265
2932,908,468,493,5,1749,71
2933,1465,745,661,4,1703,75
2934,330,565,128,3,2551,53
2935,1437,3,165,5,1462,299
2936,1379,79,45,4,485,339
2937,1154,728,293,1,2197,59
2938,801,331,327,4,209,117
2939,97,341,143,3,1407,137
2940,2553,768,715,2,1183,147
2941,1271,261,660,2,959,146
2942,1238,242,271,2,2343,36
2943,1963,119,645,1,2172,138
2944,1129,224,2,3,2789,364
2945,2702,747,279,5,583,300
2946,607,353,552,2,442,326
2947,2067,720,601,3,2151,157
2948,677,204,642,4,2875,279
2949,1795,14,864,1,1383,72
2950,1918,200,321,3,2562,13
2951,1989,711,140,3,964,353
2952,344,732,566,5,2392,250
2953,1306,78,729,3,647,122
2954,166,309,610,5,350,246
2955,2887,407,76,1,1065,47
2956,1591,677,527,1,1728,96
2957,2849,950,244,4,1105,355
2958,1921,488,253,5,1753,166
2959,542,802,238,5,937,84
2960,1649,809,352,2,2202,165
2961,429,784,403,2,2869,166
2962,724,103,684,4,887,250
2963,2121,139,266,1,1893,184
2964,1180,379,633,2,1583,24
2965,2424,949,869,3,768,27
2966,1343,626,386,1,2285,78
2967,1013,314,101,3,1158,166
2968,111,561,385,5,2983,196
2969,2051,712,339,1,2934,327
2970,1612,294,165,4,2589,82
2971,157,375,559,5,1616,212
2972,2852,248,838,5,2662,320
2973,1907,498,40,3,254,146
2974,2307,712,269,5,2687,49
2975,1975,882,494,2,36,75
2976,1653,225,674,1,2304,74
2977,1025,864,707,2,1468,10
2978,980,386,108,3,1369,233
2979,1576,245,729,3,1203,134
2980,487,666,815,1,2698,33
2981,1491,286,628,5,739,97
2982,2158,850,142,4,1130,12
2983,2126,501,870,3,612,159
2984,219,264,322,1,618,214
2985,418,211,736,4,718,270
2986,1144,482,338,5,1035,154
2987,2273,277,815,3,1793,114
2988,1718,942,251,1,2657,197
2989,11,63,30,1,2191,1
2990,2935,332,5,1,1678,215
2991,792,486,478,3,208,121
2992,2037,382,345,4,2888,345
2993,1290,64,247,1,2181,45
2994,197,441,323,5,776,176
2995,1726,710,9,1,1345,225
2996,350,309,122,4,1442,7
2997,1436,394,514,3,730,79
2998,2842,870,226,1,1465,6
2999,353,483,349,1,2899,129
